PCM,Maths,Physics,Chemistry,Rank
99.9996379,100,99.9926087,99.997961,1
99.9952927,99.9876886,99.9808846,99.9062071,11
99.9902233,99.9417017,99.9785908,99.9678861,21
99.9858781,99.9337355,99.9742579,99.9500451,31
99.9818949,99.9768255,99.9006,99.8768969,41
99.9761013,99.9659625,99.9768067,99.645983,51
99.9688593,99.9905854,99.1003023,99.9276164,61
99.9627036,99.9101989,99.828981,99.9569267,71
99.95691,99.8859382,99.8473317,99.9316943,81
99.9503922,99.5404938,99.9852174,99.9796102,91
99.9442364,99.9659625,99.828981,99.645983,101
99.9362702,99.7515987,99.9579461,99.8384112,111
99.9293903,99.9742908,99.6176922,99.6151435,121
99.9217862,99.9101989,99.828981,99.645983,131
99.9156305,99.7515987,99.7186214,99.9500451,141
99.9109231,99.7917919,99.9006,99.6964476,151
99.9058537,99.8381408,99.6964476,99.7828492,161
99.9004222,99.7200959,99.9408697,99.6964476,171
99.8942665,99.9543753,99.7423245,98.9909622,181
99.8899213,99.4376571,99.9579461,99.8384112,191
99.885214,99.7729626,99.8636435,99.5088619,201
99.8794203,99.8294504,99.8893856,99.3169434,211
99.8750751,99.6940246,99.828981,99.7706153,221
99.867471,99.9101989,99.6691763,99.3169434,231
99.8613153,99.8859382,99.3477829,99.6964476,241
99.8562459,99.8859382,99.6931343,99.1683531,251
99.8504523,99.7943266,99.5358783,99.7068973,261
99.8453828,99.3572706,99.9069718,99.8414697,271
99.8410376,99.9337355,99.6176922,98.7220724,281
99.835244,99.6111035,99.6176922,99.8384112,291
99.8305367,99.7534092,99.6018901,99.5735994,301
99.8265536,99.6940246,99.8893856,99.088833,311
99.82076,99.6111035,99.8006902,99.4637496,321
99.8138801,99.7534092,99.3727603,99.6778419,331
99.806638,99.9742908,99.4910209,97.5687772,341
99.7990339,99.3974638,99.6931343,99.8768969,351
99.7925161,99.5404938,99.918441,99.1224761,361
99.7878088,99.6940246,99.6691763,99.3169434,371
99.7794805,99.3974638,99.6931343,99.8014548,381
99.774411,99.3974638,99.8473317,99.564424,391
99.7697037,99.8294504,99.6691763,98.5110385,401
99.7642722,99.874713,99.7303456,97.3643699,411
99.7588407,99.5050079,99.5595814,99.645983,421
99.7534092,99.204464,99.7701056,99.8014548,431
99.749064,99.8294504,99.4234798,98.8237663,441
99.7439946,99.5719966,99.2848295,99.7270322,451
99.7396493,99.7200959,99.1810967,99.564424,461
99.7338557,99.5050079,99.0946951,99.8603302,471
99.7291484,99.8595048,99.1410818,98.7220724,481
99.7237169,99.7515987,98.937694,99.4637496,491
99.7182854,99.4376571,98.937694,99.9036584,501
99.7139402,99.1678918,99.8819943,99.4160885,511
99.7066981,99.7729626,99.7902404,96.8383144,521
99.7016287,99.204464,99.5919501,99.8014548,531
99.6976456,99.6111035,99.4910209,99.0189981,541
99.6933004,99.4376571,99.3128654,99.6151435,551
99.6893173,99.2529855,99.3128654,99.8384112,561
99.6838858,99.6161729,99.7040938,98.2620287,571
99.6795406,99.7548576,98.1600799,99.6281419,581
99.6741091,99.4376571,99.8723092,97.9944132,591
99.6701259,99.4376571,99.7186214,98.7220724,601
99.6665049,99.2529855,99.8006902,99.0189981,611
99.6617976,98.7406125,99.8473317,99.8014548,621
99.6549177,99.9866023,99.2776931,92.6630033,631
99.6509346,99.6940246,98.663197,99.4979024,641
99.6455031,99.204464,99.3477829,99.8014548,651
99.6411579,99.5050079,99.9319492,96.7162308,661
99.6364505,99.8595048,98.937694,97.9944132,671
99.6324674,99.5694618,99.5919501,98.569659,681
99.6281222,99.7200959,99.6931343,97.2020165,691
99.6241391,99.5086289,99.9046779,96.8587041,701
99.620156,98.9879276,99.8473317,99.3944244,711
99.6150866,99.111404,99.2728505,99.8603302,721
99.6089309,99.8859382,98.8120422,97.7066629,731
99.6049477,99.5050079,99.7558327,97.7596762,741
99.6006025,99.6483999,99.5177824,97.8427644,751
99.5944468,99.3974638,99.5919501,98.9132263,761
99.5897395,99.3073007,98.8951304,99.7706153,771
99.5853943,99.8294504,98.0955973,99.088833,781
99.580687,99.312008,99.2389526,99.5203311,791
99.5756176,99.953289,98.243423,97.3643699,801
99.5719966,99.7729626,99.5177824,96.2250926,811
99.5676513,98.7406125,99.3477829,99.9316943,821
99.5633061,98.7406125,99.5919501,99.8014548,831
99.559323,99.4376571,99.6176922,97.9944132,841
99.5535294,99.3547359,99.7902404,97.8427644,851
99.5495463,98.7406125,99.8473317,99.3944244,861
99.5452011,98.8774867,99.3128654,99.8384112,871
99.5404938,98.9354229,98.9845904,99.9146179,881
99.5361485,98.752924,99.5944988,99.6281419,891
99.5321654,99.3974638,99.4673178,98.569659,901
99.5256476,99.5404938,99.3699567,98.2396,911
99.5205782,99.3073007,99.6691763,98.1516692,921
99.5158709,98.4632431,99.7701056,99.6964476,931
99.5104394,99.7943266,99.0559546,96.7812231,941
99.5060942,99.6940246,98.663197,98.5110385,951
99.5010247,99.7729626,99.3699567,95.5606417,961
99.4970416,99.5050079,98.4062862,99.3169434,971
99.4930585,99.5404938,99.7303456,96.2250926,981
99.4869028,99.3547359,99.7902404,96.8383144,991
99.4821955,98.6942636,98.8546058,99.9426538,1001
99.4778503,99.0523815,99.7186214,98.3841123,1011
99.473143,99.8366924,96.7083297,98.7671847,1021
99.4691599,99.3547359,97.901385,99.7563425,1031
99.4648146,98.6174982,99.4910209,99.7428343,1041
99.4608315,98.8311378,99.4234798,99.4979024,1051
99.4550379,99.7729626,97.901385,98.2396,1061
99.4506927,98.5591999,99.6691763,99.4979024,1071
99.4463475,99.1678918,99.5358783,98.4345769,1081
99.4427265,99.2529855,99.7186214,97.0223319,1091
99.4387434,99.2529855,99.6176922,97.5687772,1101
99.4343982,98.8774867,99.8006902,98.3841123,1111
99.430415,99.111404,98.8951304,99.4979024,1121
99.4253456,99.6940246,98.4062862,98.1516692,1131
99.4213625,98.7489409,99.1489828,99.6714702,1141
99.4177415,99.5050079,98.8951304,98.1516692,1151
99.4130342,98.9879276,99.1810967,99.3944244,1161
99.4083269,99.5404938,99.2078582,97.3643699,1171
99.4036196,99.3073007,99.4234798,97.7596762,1181
99.3999986,99.6161729,98.9534961,96.9616724,1191
99.3938428,98.4632431,99.6931343,99.3944244,1201
99.3905839,99.4376571,99.1410818,97.5687772,1211
99.3858766,98.9879276,99.7701056,97.7066629,1221
99.3818935,99.4376571,98.1422389,99.0189981,1231
99.3775483,98.9354229,99.5177824,98.8772894,1241
99.3739273,99.3974638,98.3130031,99.1683531,1251
99.3695821,99.3974638,98.5811283,98.9132263,1261
99.3659611,98.6844869,99.0559546,99.7068973,1271
99.3608916,99.204464,99.1810967,98.569659,1281
99.3572706,98.5591999,99.6691763,99.088833,1291
99.3522012,99.5404938,98.5334672,98.2396,1301
99.3460455,99.2529855,99.4910209,97.0223319,1311
99.3409761,99.111404,98.4062862,99.4979024,1321
99.3362688,99.2529855,98.7172298,98.7220724,1331
99.3293888,99.0523815,98.1422389,99.6151435,1341
99.3246815,97.7477314,99.9069718,99.4089521,1351
99.3210605,99.5433906,98.5976949,97.6551787,1361
99.315629,99.4499685,94.38033,99.8180215,1371
99.3105596,99.3547359,99.6317101,95.5606417,1381
99.3065765,99.7548576,97.8009655,96.918599,1391
99.3029555,99.7515987,98.937694,94.0816202,1401
99.2993345,99.3547359,98.5334672,98.6078898,1411
99.2949892,99.111404,97.3773684,99.7706153,1421
99.2899198,98.9354229,99.6317101,97.8427644,1431
99.2859367,99.7200959,97.2257196,98.1972912,1441
99.2815915,98.677969,99.5177824,98.8772894,1451
99.2757979,99.5050079,98.4062862,97.7596762,1461
99.2700043,99.6483999,98.243423,96.8383144,1471
99.2660212,99.7222685,98.3295697,95.617733,1481
99.2616759,99.3073007,97.7617152,99.088833,1491
99.2569686,98.9879276,99.3477829,98.1972912,1501
99.2518992,97.8364462,99.6931343,99.564424,1511
99.2471919,99.111404,99.2728505,97.7596762,1521
99.2424846,99.0523815,99.3128654,97.5687772,1531
99.2377773,98.9354229,98.9845904,98.8772894,1541
99.2334321,98.627637,98.6695688,99.6006158,1551
99.2290869,98.3097123,99.4910209,99.2608716,1561
99.2258279,98.8311378,99.2728505,98.5110385,1571
99.2211206,98.3864777,99.6317101,98.8772894,1581
99.2174996,99.5404938,99.5177824,92.6125387,1591
99.2127923,98.3864777,98.5334672,99.848861,1601
99.2084471,99.3547359,99.5177824,94.7001942,1611
99.2037398,99.3149048,89.3139869,99.9536133,1621
99.2001188,99.4499685,99.7774969,87.9978285,1631
99.1957736,99.1678918,98.3229431,98.7518924,1641
99.1914283,99.111404,97.3773684,99.4979024,1651
99.1870831,98.8774867,99.8006902,95.7693817,1661
99.1827379,98.677969,99.7902404,96.8383144,1671
99.1783927,98.8774867,99.1410818,98.3841123,1681
99.1733233,99.7729626,98.5334672,92.6125387,1691
99.1693402,98.8311378,99.2728505,98.1516692,1701
99.1657192,99.5050079,96.9453606,98.5110385,1711
99.1617361,98.9879276,98.3130031,99.1683531,1721
99.1573908,98.0786918,99.7303456,98.8772894,1731
99.1534077,98.7406125,99.0184884,98.9132263,1741
99.1494246,97.8487576,99.4956086,99.5735994,1751
99.1454415,99.3547359,98.7822222,96.8383144,1761
99.1414584,98.4632431,99.4673178,98.569659,1771
99.1360269,99.111404,98.663197,98.1516692,1781
99.1313196,98.9354229,99.3699567,97.3643699,1791
99.1251639,98.2557592,99.1515315,99.2804967,1801
99.1200944,98.6174982,99.3128654,98.3841123,1811
99.1168355,98.8311378,99.6691763,96.1007152,1821
99.1124903,99.3974638,97.9936486,97.7066629,1831
99.107783,97.5612494,99.5595814,99.645983,1841
99.1030757,98.4632431,99.0184884,99.1683531,1851
99.0990926,98.7406125,99.0184884,98.569659,1861
99.0947474,99.5404938,97.0987934,97.8427644,1871
99.0904021,98.1554572,99.3477829,99.1683531,1881
99.086419,99.0027737,98.1600799,98.6784893,1891
99.0817117,98.1554572,99.5919501,98.569659,1901
99.0773665,97.8364462,99.6931343,98.9132263,1911
99.0730213,98.8774867,99.4910209,96.3940727,1921
99.0675898,98.677969,99.2078582,98.2396,1931
99.0636067,99.0523815,98.1422389,98.3841123,1941
99.0596236,97.9910633,99.7186214,98.3841123,1951
99.0560025,99.204464,97.9936486,98.1972912,1961
99.0509331,95.9727121,99.8322943,99.8689959,1971
99.04695,98.5591999,98.663197,99.088833,1981
99.0426048,99.3073007,96.9453606,98.5110385,1991
99.0382596,98.4632431,99.1810967,98.569659,2001
99.0342765,98.2398268,99.0946951,99.088833,2011
99.0299313,99.111404,98.0955973,98.1516692,2021
99.0241377,98.9354229,98.9845904,97.3643699,2031
99.0187061,99.0523815,98.937694,96.3940727,2041
99.0139988,98.3864777,99.7303456,96.8383144,2051
99.0089294,97.9910633,99.8723092,97.0223319,2061
99.0053084,98.6174982,99.3128654,97.5687772,2071
99.000239,99.204464,97.6350439,98.1972912,2081
98.1503878,97.5753713,91.6692579,99.7828492,3963
98.1456805,95.216283,99.5261932,98.6384744,3973
98.1413353,96.8808615,98.9580838,97.3738002,3983
98.1373522,98.4632431,97.2257196,95.132202,3993
98.1322828,98.7406125,97.2257196,93.2632266,4003
98.1282996,97.1234692,97.9936486,98.569659,4013
98.1246786,98.68847,98.0359573,90.0294122,4023
98.1210576,98.2398268,97.7617152,95.3615867,4033
98.1177987,96.8678259,98.9845904,97.3643699,4043
98.1130914,97.4681894,98.3130031,97.2020165,4053
98.108022,98.9354229,96.5714635,92.6125387,4063
98.1029526,97.2353584,98.1422389,97.9944132,4073
98.0989695,97.2353584,97.714309,98.3841123,4083
98.0935379,97.9215399,91.9980426,99.3169434,4093
98.0899169,97.9215399,98.663197,94.4674962,4103
98.0852096,98.8311378,96.9453606,92.4122094,4113
98.0815886,99.7729626,83.9779893,84.9877916,4123
98.0768813,97.8487576,99.2226408,91.5838758,4133
98.0728982,96.5408486,98.909913,97.805808,4143
98.0692772,97.5612494,97.3773684,98.1516692,4153
98.0645699,98.4777272,95.4507919,96.2992604,4163
98.0591383,98.9470101,98.0359573,82.416899,4173
98.0551552,97.2487562,97.9368122,97.7905157,4183
98.05081,96.6458579,97.6350439,99.1683531,4193
98.047189,97.1234692,97.6350439,98.569659,4203
98.0428438,97.3363846,97.901385,97.8427644,4213
98.0381365,96.6458579,97.9936486,98.9132263,4223
98.0341534,98.6174982,96.2207598,94.9795338,4233
98.0301703,99.111404,94.8671353,92.4122094,4243
98.0232903,97.1234692,98.3130031,97.7066629,4253
98.0196693,97.4681894,98.3130031,96.6290646,4263
98.0153241,96.7534019,98.937694,97.0223319,4273
98.0098926,96.2265449,98.937694,97.9944132,4283
98.0059095,97.9215399,97.3773684,96.7162308,4293
98.0015643,96.6458579,99.0184884,97.2020165,4303
97.996857,96.7534019,97.3075335,99.0189981,4313
97.9910633,98.3864777,97.0987934,94.7001942,4323
97.9870802,94.8766322,98.452418,99.6151435,4333
97.982735,96.5223815,98.7478145,97.8720747,4343
97.979114,97.5612494,97.7617152,97.2825561,4353
97.975493,97.7397652,98.5334672,94.7001942,4363
97.9704236,98.0786918,95.9572223,97.3643699,4373
97.9660784,96.8808615,98.5375452,97.3738002,4383
97.9620953,99.1161113,95.3804472,89.8094578,4393
97.9566637,95.1290166,99.0946951,98.8237663,4403
97.9523185,97.0506869,99.0946951,95.3615867,4413
97.9479733,98.7489409,97.0085688,90.3969375,4423
97.9429039,98.8774867,94.5735229,94.0816202,4433
97.9389208,98.3097123,97.3075335,94.0816202,4443
97.9338514,97.9910633,97.3075335,95.7693817,4453
97.9295062,97.9910633,96.8301585,96.3940727,4463
97.9247989,97.2353584,98.1422389,97.0223319,4473
97.9211778,97.9972191,89.6881388,98.9325966,4483
97.918281,97.6557578,96.2207598,97.9944132,4493
97.9139358,97.1234692,98.8120422,95.9625746,4503
97.9103148,96.7534019,97.714309,98.3841123,4513
97.9063317,96.6458579,99.0184884,96.6290646,4523
97.9027107,98.0786918,98.5334672,91.3269649,4533
97.8980034,97.3961313,95.6373581,98.6784893,4543
97.892934,98.9879276,93.6391626,93.2632266,4553
97.8882266,97.3599212,97.1528263,97.6551787,4563
97.8846056,97.6767596,96.146847,97.7905157,4573
97.8798983,99.2529855,97.3075335,61.2661015,4583
97.8748289,98.0786918,90.7267417,98.6078898,4593
97.8708458,98.4060312,96.666021,93.9671827,4603
97.8665006,98.885453,95.3804472,91.3929768,4613
97.8614312,97.0506869,99.2728505,93.5558195,4623
97.8581723,98.2398268,97.3773684,93.5558195,4633
97.8534649,97.7578703,98.1600799,94.5250972,4643
97.8483955,98.627637,95.3804472,93.8086524,4653
97.8444124,97.1234692,97.9936486,97.2020165,4663
97.8407914,98.677969,97.901385,84.9877916,4673
97.8368083,98.677969,97.531311,87.630813,4683
97.8317389,97.667345,98.7478145,92.2592863,4693
97.8273937,95.6040932,99.4910209,96.3940727,4703
97.8234106,96.506449,98.354802,97.7772624,4713
97.8197895,97.7477314,97.0085688,96.4822584,4723
97.8161685,97.2353584,96.8301585,97.9944132,4733
97.810737,98.3864777,97.0987934,92.6125387,4743
97.8060297,98.7406125,90.0169235,95.9625746,4753
97.8020466,88.5250176,99.7774969,99.4456537,4763
97.7966151,97.1430227,95.2081539,98.9754151,4773
97.7922699,97.3859925,96.4725732,97.8840537,4783
97.7886489,97.5612494,97.7617152,96.1007152,4793
97.7850278,93.6259351,98.0244881,99.8445282,4803
97.7803205,97.9972191,91.9047595,98.0566019,4813
97.7752511,98.4697609,92.4127191,96.276067,4823
97.7687333,98.4121869,97.4316561,90.0294122,4833
97.764026,95.1290166,98.8951304,98.5110385,4843
97.7593187,97.0506869,97.3773684,97.7596762,4853
97.7549735,96.5567811,99.5993414,91.6733358,4863
97.749904,98.6174982,97.3075335,87.8642756,4873
97.7455588,96.9500228,96.8847011,98.092284,4883
97.7408515,96.0838771,97.8009655,98.6784893,4893
97.7372305,97.8364462,97.6350439,94.3056525,4903
97.7328853,98.9354229,92.7422685,92.6125387,4913
97.7274538,97.3599212,88.7270169,99.4160885,4923
97.7227465,97.4681894,98.3130031,94.3056525,4933
97.7165907,97.9215399,98.663197,89.1998043,4943
97.7122455,98.8311378,82.3228513,96.1007152,4953
97.7082624,98.3864777,97.0987934,91.3269649,4963
97.7039172,95.6040932,98.937694,97.5687772,4973
97.699572,96.0646857,99.0184884,96.6290646,4983
97.6952268,98.6844869,96.0517798,90.2751087,4993
97.6901574,86.6362985,99.3867783,99.9062071,5003
97.6865364,98.2467067,94.4804947,95.6651391,5013
97.6825532,97.5612494,96.9453606,96.7162308,5023
97.6778459,97.1234692,94.7799691,98.9132263,5033
97.6727765,96.9500228,97.3916412,97.3875633,5043
97.6680692,94.6470601,99.5919501,96.6290646,5053
97.6644482,97.4681894,96.3030834,97.2020165,5063
97.660103,95.1290166,98.0955973,99.088833,5073
97.656482,97.0506869,98.0955973,96.1007152,5083
97.6524989,98.2398268,94.8671353,95.3615867,5093
97.6485157,97.9910633,98.937694,81.5697049,5103
97.6438084,96.6458579,97.6350439,97.7066629,5113
97.6380148,97.8364462,97.6350439,93.2632266,5123
97.6325833,97.9910633,97.3075335,93.0430173,5133
97.6282381,98.4632431,78.2115131,97.7066629,5143
97.6238929,98.3864777,98.243423,81.4014895,5153
97.6188235,97.1234692,98.3130031,95.132202,5163
97.6148403,97.3486961,96.2513444,97.4043848,5173
97.6112193,97.6557578,96.8301585,95.7693817,5183
97.6039773,97.6557578,96.2207598,96.3940727,5193
97.59927,97.2353584,96.8301585,97.0223319,5203
97.5952869,95.9727121,98.4909036,97.4043848,5213
97.5898554,96.6458579,99.0184884,94.3056525,5223
97.5844239,94.1962443,99.3699567,97.8427644,5233
97.5789923,97.5612494,96.3930532,96.7162308,5243
97.5750092,98.7406125,92.0711908,93.2632266,5253
97.5710261,97.5894933,92.4127191,98.3038277,5263
97.5663188,97.7397652,97.0987934,94.7001942,5273
97.5612494,99.2171375,96.7172502,49.5973024,5283
97.5565421,97.7397652,92.7422685,97.8427644,5293
97.5507485,97.0506869,98.663197,93.5558195,5303
97.5460411,98.3097123,98.7172298,68.5686905,5313
97.5416959,96.8678259,97.901385,96.2250926,5323
97.5380749,98.1554572,96.7636369,92.0204713,5333
97.5322813,98.677969,97.0987934,81.4014895,5343
97.5268498,95.4487518,98.7220724,97.3875633,5353
97.5225046,98.3864777,97.901385,81.4014895,5363
97.5185215,97.9215399,89.7844803,97.7596762,5373
97.5138142,97.6557578,97.3075335,94.0816202,5383
97.5094689,95.7083783,98.243423,97.8427644,5393
97.5036753,97.6557578,96.2207598,95.7693817,5403
97.4986059,95.9455545,98.0114896,97.7772624,5413
97.4949849,97.4681894,98.5811283,90.1683174,5423
97.4906397,97.2353584,95.5269986,97.5687772,5433
97.4866566,95.4237669,99.0184884,96.6290646,5443
97.4823114,95.8905151,98.4062862,97.2825561,5453
97.4783283,97.7397652,98.243423,89.7268793,5463
97.4732588,96.7534019,94.5735229,98.7220724,5473
97.4685515,96.7534019,93.351922,99.0189981,5483
97.4642063,97.3363846,98.9845904,87.630813,5493
97.4598611,97.1234692,94.7799691,98.1972912,5503
97.4547917,99.2529855,97.3075335,26.6606177,5513
97.4500844,97.3961313,98.909913,87.1338128,5523
97.4461013,97.0506869,96.9453606,96.7162308,5533
97.441756,96.0646857,96.7636369,98.569659,5543
97.4377729,97.3363846,94.1404956,97.8427644,5553
97.4337898,93.2297966,98.4592995,99.3493121,5563
97.4298067,98.3173164,94.7139573,92.8172008,5573
97.4258236,93.7345654,97.9936486,99.3944244,5583
97.4203921,98.3864777,97.901385,76.7222967,5593
97.4160469,97.667345,95.4507919,95.6651391,5603
97.4117017,97.9215399,96.3930532,93.5558195,5613
97.4062701,93.7345654,98.5811283,98.9132263,5623
97.4004765,81.6740656,99.9115595,99.0498376,5633
97.3954071,88.0937552,99.9092656,97.805808,5643
97.3903377,97.2353584,96.2207598,96.3940727,5653
97.3856304,93.4771116,98.7852806,98.6598837,5663
97.3820094,97.5894933,94.9153061,96.276067,5673
97.3780263,97.7397652,98.243423,87.630813,5683
97.373681,97.5612494,89.7844803,98.1516692,5693
97.3696979,97.5612494,96.9453606,94.4674962,5703
97.3649906,97.7397652,97.531311,91.3269649,5713
97.3606454,98.939406,79.8187351,92.9331675,5723
97.3559381,94.4844767,97.5922254,99.1084582,5733
97.3515929,93.5531528,98.0114896,99.2703018,5743
97.3472477,95.4237669,99.4673178,93.2632266,5753
97.3436267,97.7397652,87.7829715,97.8427644,5763
97.337833,96.6458579,96.3030834,97.7066629,5773
97.3331257,97.3363846,94.1404956,97.3643699,5783
97.3287805,96.0646857,96.7636369,98.1972912,5793
97.3244353,97.4681894,96.7636369,94.3056525,5803
97.3200901,96.1052411,97.0085688,97.8840537,5813
97.3153828,94.306323,98.0955973,98.8237663,5823
97.3117618,96.4753083,96.9453606,97.2825561,5833
97.3066924,97.9215399,91.9980426,96.1007152,5843
97.3030713,96.6458579,97.9936486,95.132202,5853
97.2990882,98.9354229,44.7218583,96.2250926,5863
97.2932946,97.2353584,97.714309,93.0430173,5873
97.287501,98.4121869,91.6692579,92.8768408,5883
97.2846042,96.7534019,97.714309,94.9795338,5893
97.2795348,98.1623371,94.9153061,92.1007559,5903
97.2755517,98.3864777,83.9779893,95.5606417,5913
97.2715685,95.6040932,98.452418,96.3940727,5923
97.2668612,98.1036768,82.1847107,96.7378949,5933
97.2621539,97.7397652,97.531311,89.7268793,5943
97.2574466,98.5591999,96.3930532,79.5478063,5953
97.2505667,97.1234692,99.0184884,85.2977158,5963
97.2458594,96.8808615,97.1755099,95.4102673,5973
97.2411521,97.7397652,92.7422685,96.2250926,5983
97.2357205,97.8364462,94.7799691,94.3056525,5993
97.2299269,97.0506869,97.3773684,94.4674962,6003
97.2252196,92.6142248,96.7636369,99.8014548,6013
97.2205123,99.111404,89.7844803,79.5478063,6023
97.2165292,97.9400071,95.4507919,92.2592863,6033
97.2114598,96.3395204,98.243423,94.7001942,6043
97.2071146,96.6458579,97.2257196,95.9625746,6053
97.2031314,94.306323,99.0946951,96.7162308,6063
97.1991483,96.4753083,96.9453606,96.7162308,6073
97.1948031,94.6470601,97.9936486,98.1972912,6083
97.1893716,96.506449,78.5721568,99.6006158,6093
97.1850264,98.3097123,94.5735229,89.9277183,6103
97.1810433,96.1342091,95.2081539,98.3973656,6113
97.1759739,98.0786918,97.0987934,84.9877916,6123
97.1705424,97.2353584,96.8301585,94.0816202,6133
97.1651108,96.7534019,97.3075335,94.9795338,6143
97.1593172,95.8905151,97.3773684,97.2825561,6153
97.1546099,95.1811592,95.3047503,99.218308,6163
97.1495405,97.5612494,96.9453606,92.4122094,6173
97.144109,98.5591999,69.2955851,95.3615867,6183
97.1408501,95.6040932,97.714309,97.0223319,6193
97.1365049,97.8487576,96.9917472,88.2751291,6203
97.1325217,98.7406125,90.0169235,88.1329106,6213
97.1274523,95.6040932,96.2207598,98.3841123,6223
97.1234692,94.6843565,97.407953,98.5276052,6233
97.1198482,97.667345,88.3120855,96.8587041,6243
97.115503,97.7578703,95.6373581,92.8172008,6253
97.1126062,96.8678259,98.243423,91.3269649,6263
97.1068126,97.0506869,99.2728505,74.1284656,6273
97.1024674,98.2398268,94.8671353,89.1998043,6283
97.09776,97.1430227,89.3139869,98.0252527,6293
97.0923285,96.3395204,98.243423,93.7347395,6303
97.0865349,98.6174982,97.3075335,53.1593918,6313
97.0821897,95.7083783,98.7822222,93.7347395,6323
97.0771203,96.4753083,94.8671353,97.7596762,6333
97.0720509,97.3961313,94.7139573,95.197959,6343
97.0673436,98.4121869,76.4717576,94.7644219,6353
97.0626362,98.3864777,95.1711974,84.9877916,6363
97.0572047,95.7083783,96.5714635,97.8427644,6373
97.0521353,98.2467067,60.8323096,96.8587041,6383
94.9982981,99.1678918,84.9717347,3.7399899,10705
94.9946771,92.6142248,90.0169235,97.7066629,10715
94.9892456,95.9455545,95.3804472,82.1421471,10725
94.9849004,95.6040932,94.5735229,87.8642756,10735
94.9801931,94.306323,76.6397182,97.7596762,10745
94.9743995,94.0763888,97.0085688,88.7244682,10755
94.9711405,94.8766322,95.5269986,89.9277183,10765
94.9664332,96.4753083,82.3228513,91.0229028,10775
94.9617259,96.7534019,64.1311163,93.0430173,10785
94.9573807,91.0948488,93.6391626,97.7066629,10795
94.9530355,91.3704077,98.1422389,91.5046106,10805
94.9486903,89.4038368,98.7172298,91.5046106,10815
94.9447072,93.2953369,97.0085688,91.6733358,10825
94.9396378,97.3599212,95.3047503,35.6756908,10835
94.9356546,95.4237669,93.6391626,90.1683174,10845
94.9305852,95.7083783,83.9779893,93.7347395,10855
94.9258779,93.7345654,94.7799691,94.3056525,10865
94.9197222,94.8766322,79.9703839,96.3940727,10875
94.9128423,95.4237669,94.7799691,88.1329106,10885
94.9084971,95.7083783,63.906829,96.2250926,10895
94.9037897,97.7397652,94.1404956,29.2146888,10905
94.8979961,93.2297966,94.7139573,95.197959,10915
94.8947372,95.8905151,91.9980426,89.1998043,10925
94.8893057,91.3704077,91.5532912,97.9944132,10935
94.8842363,97.5612494,93.7286226,40.6620042,10945
94.879529,96.6458579,46.8240416,95.132202,10955
94.8737354,97.3363846,94.1404956,45.1806277,10965
94.8701144,95.1811592,92.9081901,91.8632154,10975
94.8639586,83.3216254,98.0244881,96.8780744,10985
94.8596134,97.7397652,54.6407071,84.9877916,10995
94.8556303,93.6259351,96.4167563,92.1007559,11005
94.8505609,97.1234692,96.7636369,25.5348486,11015
94.8454915,91.2375166,95.7133099,96.1007152,11025
94.8393358,95.1290166,42.9482049,98.1516692,11035
94.8346284,95.1290166,94.8671353,89.1998043,11045
94.8302832,94.4348689,72.6359359,97.4566336,11055
94.8255759,92.8966636,89.3139869,97.219093,11065
94.8205065,97.0506869,89.7844803,74.1284656,11075
94.8157992,96.8678259,90.7267417,76.7222967,11085
94.8110919,94.0409029,95.6373581,91.782421,11095
94.8067467,96.3395204,95.9572223,61.9180638,11105
94.8027636,95.2897895,71.7217105,96.1672367,11115
94.7987804,96.6693945,70.3706347,91.5838758,11125
94.7944352,96.8678259,72.1040183,89.7268793,11135
94.7904521,96.3395204,92.7422685,81.4014895,11145
94.7846585,94.6843565,83.5194748,95.6651391,11155
94.7806754,96.5223815,77.7333734,90.8523935,11165
94.7766923,94.378019,88.7270169,95.5896971,11175
94.7708987,94.306323,95.7133099,91.0229028,11185
94.7665534,95.7083783,95.1711974,81.4014895,11195
94.7611219,95.0207484,97.901385,61.9180638,11205
94.7538799,60.9593505,97.7872024,99.5735994,11215
94.7491726,96.7534019,64.1311163,91.5046106,11225
94.7455516,92.794189,97.3075335,89.9277183,11235
94.7412064,93.9847773,95.5269986,91.5046106,11245
94.7357749,94.8766322,91.5532912,93.0430173,11255
94.7317917,95.4878588,91.6692579,90.0294122,11265
94.7263602,96.3822484,84.9717347,88.4112307,11275
94.718394,91.3704077,96.8301585,94.0816202,11285
94.7133246,92.794189,94.5735229,94.9795338,11295
94.7082552,93.9847773,88.9936129,95.7693817,11305
94.7017374,91.6213437,94.4804947,96.2992604,11315
94.6966679,93.0132601,93.7286226,95.3615867,11325
94.6905122,94.9092213,93.9067781,90.3969375,11335
94.6854428,95.0207484,83.9779893,94.7001942,11345
94.6807355,95.2897895,90.9683602,91.3929768,11355
94.6749419,92.794189,85.5090046,97.5687772,11365
94.6702346,95.1811592,98.8410976,28.6157399,11375
94.6648031,95.0207484,63.906829,96.8383144,11385
94.6600957,97.7578703,75.6263476,66.0477528,11395
94.6553884,94.0409029,68.2796658,97.805808,11405
94.650319,82.8845694,96.2207598,98.3841123,11415
94.6452496,94.4348689,96.8663503,82.9108407,11425
94.6387318,92.4816958,94.9153061,94.8944066,11435
94.6336624,96.506449,62.6102958,92.6630033,11445
94.6285929,95.2459752,55.1955632,96.9328718,11455
94.6224372,95.216283,79.1563231,94.8944066,11465
94.6177299,42.5747558,99.3997767,98.9909622,11475
94.6126605,90.4836222,95.0335666,96.4822584,11485
94.6090395,91.7647357,96.5714635,93.7347395,11495
94.6039701,95.1290166,96.9453606,74.1284656,11505
94.5996249,89.9379359,91.113892,98.2525984,11515
94.5956418,97.0506869,86.6046988,74.1284656,11525
94.5902102,96.6693945,70.3706347,90.0294122,11535
94.5840545,91.5145239,91.6692579,97.219093,11545
94.5778988,89.565696,97.0987934,94.7001942,11555
94.5739157,94.6470601,97.9936486,61.0035835,11565
94.5688463,89.565696,95.9572223,96.2250926,11575
94.5637769,95.7083783,96.5714635,61.9180638,11585
94.5594316,89.2521165,94.8671353,97.2825561,11595
94.553638,95.9455545,94.38033,77.8164617,11605
94.5482065,95.7083783,95.1711974,76.7222967,11615
94.5438613,96.2265449,91.5532912,81.5697049,11625
94.5373435,93.2297966,94.7139573,93.6526708,11635
94.5333604,96.4753083,82.3228513,86.8916846,11645
94.5290152,96.5408486,40.7315842,94.5250972,11655
94.5224973,86.1586872,96.7172502,96.9328718,11665
94.5185142,97.2353584,44.3161023,89.9277183,11675
94.514169,96.0646857,90.0169235,85.2977158,11685
94.5080133,95.7083783,83.9779893,91.3269649,11695
94.503306,93.9847773,94.5735229,91.5046106,11705
94.4985987,95.0207484,94.1404956,87.630813,11715
94.4949777,93.9847773,93.351922,93.0430173,11725
94.4902703,96.8808615,82.8534945,79.373474,11735
94.4848388,90.1454198,96.0517798,95.5896971,11745
94.478321,92.0587618,92.9081901,96.2536383,11755
94.4725274,96.0646857,93.6391626,76.8976486,11765
94.4685443,94.0763888,93.9067781,91.6733358,11775
94.4641991,83.4961581,94.1404956,98.8772894,11785
94.4591297,95.4487518,81.5261218,92.8172008,11795
94.4526118,95.8905151,96.9453606,49.8603302,11805
94.4482666,92.6142248,95.6049894,93.2632266,11815
94.4428351,97.5612494,86.6046988,49.8603302,11825
94.4374036,89.4038368,94.5735229,97.0223319,11835
94.4330584,97.7397652,72.1040183,61.9180638,11845
94.427989,90.6418603,96.1300254,94.7302691,11855
94.4225574,81.6740656,98.0114896,96.1672367,11865
94.4145912,97.1430227,94.3079464,35.2240579,11875
94.410246,95.216283,92.4127191,88.5590564,11885
94.406625,95.7384327,90.3923498,86.2221361,11895
94.4015556,82.8845694,95.5269986,98.3841123,11905
94.3961241,94.6843565,88.3120855,93.3595681,11915
94.3906926,91.2375166,82.3228513,98.1516692,11925
94.3859852,93.1461512,90.7267417,95.5606417,11935
94.38164,93.2297966,95.6373581,91.782421,11945
94.3762085,95.1290166,94.8671353,83.4814989,11955
94.3711391,96.0646857,64.3513256,93.2632266,11965
94.3653455,91.7647357,95.1711974,94.7001942,11975
94.359914,94.378019,91.3575496,92.9331675,11985
94.3552067,85.692301,95.0335666,97.8840537,11995
94.3490509,92.0587618,96.666021,91.8632154,12005
94.3439815,92.1608743,90.5159626,96.4822584,12015
94.3389121,86.9683451,98.5334672,91.3269649,12025
94.3320322,93.7345654,82.9715002,95.9625746,12035
94.3266007,94.6470601,82.9715002,94.3056525,12045
94.3226176,89.2521165,96.3930532,95.3615867,12055
94.3186344,92.6142248,87.0958369,96.6290646,12065
94.3139271,94.306323,82.3228513,95.3615867,12075
94.3084956,94.306323,98.0955973,59.2737681,12085
94.3037883,97.1234692,82.9715002,68.7595896,12095
94.299081,96.2265449,88.9936129,81.5697049,12105
94.2965463,96.0646857,87.0958369,85.2977158,12115
94.2900285,90.1454198,96.666021,93.9671827,12125
94.2856832,94.6470601,90.0169235,92.0204713,12135
94.2806138,92.0587618,36.4739495,99.4160885,12145
94.2762686,95.2897895,93.0188044,85.4641472,12155
94.2722855,93.7345654,92.0711908,93.2632266,12165
94.2675782,94.0763888,70.801623,96.4822584,12175
94.2621467,94.8766322,88.9936129,91.5046106,12185
94.2567152,96.1052411,87.276796,83.9359354,12195
94.2505594,92.1608743,95.0335666,93.6141851,12205
94.2462142,92.3741518,91.9047595,95.4102673,12215
94.2415069,93.0132601,93.7286226,93.5558195,12225
94.2360754,93.8703533,91.6692579,92.8768408,12235
94.2317302,92.6142248,94.7799691,93.2632266,12245
94.2266608,95.8905151,82.3228513,89.1998043,12255
94.2215914,95.2897895,88.5243938,89.8094578,12265
94.216884,89.4038368,96.2207598,94.9795338,12275
94.2125388,94.1962443,92.7422685,91.3269649,12285
94.2071073,93.9847773,72.8143462,96.3940727,12295
94.2016758,86.6362985,96.4167563,96.276067,12305
94.1973306,87.5911589,96.0517798,96.2536383,12315
94.1918991,95.2897895,84.255035,91.3929768,12325
94.1857434,93.6259351,93.8484124,92.1007559,12335
94.1799497,95.5113953,83.222549,90.3969375,12345
94.1748803,89.9379359,91.113892,97.4043848,12355
94.1694488,95.216283,48.8841709,96.276067,12365
94.1643794,82.7136577,95.8359033,97.8840537,12375
94.1600342,91.2375166,94.8671353,94.4674962,12385
94.1553269,93.2297966,86.0133961,95.800731,12395
94.1495333,84.6628477,91.113892,98.7924171,12405
94.1448259,95.1290166,89.7844803,89.1998043,12415
94.1404807,96.1052411,70.801623,90.3969375,12425
94.1364976,90.7914081,96.7172502,92.1410257,12435
94.1325145,93.2953369,87.276796,95.281557,12445
94.1274451,97.2487562,71.281037,69.460997,12455
94.1223757,89.7786114,93.2474245,96.7378949,12465
94.1158579,95.4487518,86.0133961,88.9798498,12475
94.1111505,96.8678259,54.6407071,87.630813,12485
94.1049948,85.692301,97.4703966,94.5551721,12495
94.1006496,96.0646857,78.2115131,88.1329106,12505
94.0966665,89.2521165,96.3930532,94.4674962,12515
94.0926834,89.2521165,98.4062862,86.8916846,12525
94.087614,94.306323,76.6397182,95.3615867,12535
94.0832688,96.7534019,88.9936129,61.2661015,12545
94.0781993,92.6142248,87.0958369,95.9625746,12555
94.0727678,96.4753083,76.6397182,83.4814989,12565
94.0676984,95.6040932,94.5735229,68.5686905,12575
94.062629,93.2297966,91.8094374,93.6526708,12585
94.0586459,91.8969026,93.4541256,94.5250972,12595
94.0524902,83.9172816,96.4947471,96.7378949,12605
94.0466966,96.7534019,64.1311163,85.1384209,12615
94.0419892,94.6470601,90.0169235,90.1683174,12625
94.0358335,95.320206,91.113892,84.4706566,12635
94.0314883,93.9847773,94.5735229,87.8642756,12645
94.026781,94.6843565,60.8323096,95.6651391,12655
94.0217116,94.6843565,91.113892,89.2872253,12665
94.0166422,91.0948488,93.6391626,95.132202,12675
94.0115727,91.3704077,96.8301585,89.9277183,12685
94.0065033,93.1461512,98.243423,61.9180638,12695
94.0014339,92.794189,94.5735229,91.5046106,12705
93.9970887,95.0207484,78.7469989,92.6125387,12715
93.9920193,94.1962443,94.1404956,87.630813,12725
93.987312,91.3704077,95.5269986,93.0430173,12735
93.9826047,89.4038368,96.8301585,93.0430173,12745
93.9760868,83.3216254,96.8663503,96.276067,12755
93.9699311,94.378019,94.2595207,86.0128863,12765
93.9648617,95.7822469,73.6324849,90.2751087,12775
93.9601544,94.6470601,94.7799691,81.9107235,12785
93.9511019,95.216283,92.4127191,82.9108407,12795
93.9463946,90.9572503,87.5110232,96.8780744,12805
93.9416872,86.7891051,96.2207598,95.7693817,12815
93.937342,94.8766322,34.4867135,97.0223319,12825
93.9304621,96.6693945,86.2805018,67.1075101,12835
93.9257548,85.0560895,94.7139573,97.3875633,12845
93.9214096,90.3311776,96.327806,92.8172008,12855
93.9177886,93.7345654,96.3030834,81.9107235,12865
93.9112708,94.0763888,83.222549,93.6141851,12875
93.9065634,96.6458579,46.8240416,90.1683174,12885
93.9004077,95.1290166,89.7844803,86.8916846,12895
93.8946141,96.1342091,54.0603639,91.5838758,12905
93.8913552,88.8972574,97.2257196,92.0204713,12915
93.8866479,97.0506869,91.9980426,32.0835266,12925
93.8819406,91.7647357,92.7422685,94.7001942,12935
93.8765091,95.9136896,77.3301661,87.7355653,12945
93.8699912,94.6470601,97.2257196,52.8489578,12955
93.8645597,95.4878588,86.2805018,85.8051657,12965
93.8594903,93.4050535,91.3575496,92.9331675,12975
93.8533346,97.6557578,79.9703839,34.7420951,12985
93.8479031,84.6628477,95.4507919,96.8587041,12995
93.8421095,94.306323,86.6046988,92.4122094,13005
93.8374021,95.7083783,92.7422685,69.7778027,13015
93.8308843,89.9379359,77.7333734,98.2525984,13025
93.826177,94.7676398,50.4429673,95.800731,13035
93.8218318,96.4753083,86.6046988,67.3040163,13045
93.8156761,95.4237669,82.9715002,88.1329106,13055
93.8113309,96.2265449,91.5532912,61.2661015,13065
93.8077099,94.4844767,89.6881388,89.5877193,13075
93.8026404,97.1234692,82.9715002,52.8489578,13085
93.7972089,92.6142248,90.0169235,94.3056525,13095
93.7935879,93.8703533,89.3139869,91.5838758,13105
93.7888806,92.794189,97.3075335,76.4526423,13115
93.7838112,88.8972574,92.0711908,96.6290646,13125
87.0813207,85.0560895,86.0133961,77.4828344,24423
87.0729923,73.9707278,91.3575496,88.4112307,24433
87.0653882,82.7136577,92.506512,70.9252359,24443
87.0617672,79.5047182,79.8187351,90.2751087,24453
87.0534389,75.4499106,51.0100572,95.6651391,24463
87.0440242,76.884917,78.2115131,92.0204713,24473
87.0400411,70.7668576,93.4541256,87.1338128,24483
87.0331612,88.308119,87.276796,56.4452,24493
87.028816,87.8185584,83.5194748,70.1687762,24503
87.0190393,66.4987725,95.0335666,86.467068,24513
87.0128836,81.2529421,20.1366623,96.7162308,24523
87.0078141,81.2529421,69.2955851,91.0229028,24533
87.0027447,81.2529421,86.6046988,83.4814989,24543
86.9962269,81.2529421,97.3773684,25.1609516,24553
86.9860881,85.0560895,50.4429673,91.782421,24563
86.9734145,87.2790278,70.3706347,82.416899,24573
86.9639999,81.6740656,88.5243938,82.1421471,24583
86.9563958,91.0948488,78.2115131,52.8489578,24593
86.9506022,88.5250176,71.7217105,77.8164617,24603
86.9397391,82.7136577,53.4045785,92.7323285,24613
86.9339455,70.7668576,75.6263476,94.5250972,24623
86.9270656,85.692301,44.0153535,91.6733358,24633
86.9180131,88.308119,83.222549,64.4494513,24643
86.9075121,75.4499106,83.5194748,90.8523935,24653
86.9031669,89.565696,87.7829715,45.1806277,24663
86.8980975,73.2570266,93.8484124,82.9108407,24673
86.8901313,87.8185584,77.7333734,76.035417,24683
86.8821651,73.2570266,90.3923498,88.5590564,24693
86.8756473,88.5250176,62.6102958,82.1421471,24703
86.8680431,78.9394784,87.5110232,86.2221361,24713
86.8582664,69.0179095,83.5194748,93.3595681,24723
86.8524728,86.6362985,83.8383195,73.0439858,24733
86.8470413,75.9742329,88.5243938,87.9978285,24743
86.8372645,89.565696,78.7469989,61.9180638,24753
86.8271257,83.9172816,82.1847107,82.416899,24763
86.8187974,83.9172816,94.3079464,51.6008503,24773
86.8119175,82.7136577,87.276796,80.4984784,24783
86.8017786,89.1224843,72.6359359,73.0439858,24793
86.795985,92.4816958,72.6359359,41.5573691,24803
86.7865704,82.7136577,44.0153535,93.6141851,24813
86.7800526,64.8783703,54.6407071,97.3643699,24823
86.7735348,85.692301,83.222549,75.72116,24833
86.7670169,86.6362985,48.8841709,90.5727991,24843
86.7594128,92.4816958,48.8841709,66.5952176,24853
86.7471014,80.52874,77.7333734,89.2872253,24863
86.7369626,65.6844072,88.7270169,92.9331675,24873
86.7286342,93.7345654,87.0958369,10.3154294,24883
86.7221164,87.5911589,79.8187351,73.954643,24893
86.7137881,47.2248575,95.1711974,93.7347395,24903
86.7079945,85.3526502,62.6102958,87.9978285,24913
86.7011145,74.9020517,76.6397182,92.4122094,24923
86.6942346,74.9020517,95.7133099,67.3040163,24933
86.6869926,96.3395204,15.868323,22.7445113,24943
86.6793885,94.0763888,44.0153535,40.3655882,24953
86.6732328,80.102547,86.2805018,85.8051657,24963
86.6652665,88.7382951,71.281037,74.7279243,24973
86.659835,89.2521165,52.2770253,83.4814989,24983
86.6544035,84.3575965,88.7270169,73.954643,24993
86.6475236,87.5911589,73.6324849,79.08292,25003
86.64173,90.1454198,45.9686915,83.1985911,25013
86.6341259,83.4961581,94.1404956,53.8962264,25023
86.6272459,86.9683451,72.1040183,81.4014895,25033
86.6221765,92.794189,54.3282342,53.1593918,25043
86.613124,77.5895657,96.8301585,43.5660144,25053
86.6055199,86.7891051,91.5532912,53.1593918,25063
86.5961052,83.4961581,90.7267417,69.7778027,25073
86.5906737,85.0560895,68.2796658,87.1338128,25083
86.5852422,87.5911589,64.9278458,83.1985911,25093
86.5754655,81.0722536,75.6263476,88.9798498,25103
86.5674993,93.7345654,23.5649439,68.7595896,25113
86.559533,74.7039824,62.0944351,94.7644219,25123
86.5530152,88.0937552,86.0133961,58.4349847,25133
86.5407038,86.9683451,35.9099181,91.3269649,25143
86.5338239,86.32634,94.7799691,33.5513337,25153
86.5302028,86.7891051,79.9703839,76.4526423,25163
86.5240471,84.3575965,79.8187351,83.1985911,25173
86.5160809,87.5911589,55.8136275,86.0128863,25183
86.50558,93.7345654,31.1565576,61.0035835,25193
86.4990622,69.9329389,46.8240416,96.6290646,25203
86.4947169,95.1811592,16.1259985,52.6116721,25213
86.4881991,86.1586872,93.5132559,41.9480877,25223
86.4824055,73.9707278,94.2595207,79.08292,25233
86.4744393,82.8845694,79.9703839,85.1384209,25243
86.4639384,79.5047182,88.7270169,83.1985911,25253
86.4577826,83.4961581,54.6407071,91.3269649,25263
86.4512648,85.692301,63.1243724,86.467068,25273
86.441126,93.5531528,62.6102958,31.7292547,25283
86.4367808,85.8523497,76.6397182,79.5478063,25293
86.4277283,77.5895657,85.5090046,87.8642756,25303
86.4215725,86.7891051,44.3161023,89.9277183,25313
86.4110716,82.8845694,64.1311163,89.9277183,25323
86.405278,85.0560895,86.0133961,72.3588902,25333
86.3991223,92.0587618,97.1528263,2.007116,25343
86.3929665,78.3767734,78.7469989,89.7268793,25353
86.3878971,63.8949038,86.0133961,93.6526708,25363
86.3828277,62.9719082,93.351922,89.9277183,25373
86.3741373,77.5895657,72.8143462,91.5046106,25383
86.3676195,78.3767734,72.1040183,91.3269649,25393
86.3603775,70.7668576,93.4541256,84.6791418,25403
86.3549459,89.7786114,30.2512527,88.2751291,25413
86.3429966,89.7786114,86.2805018,43.2119973,25423
86.3364788,80.52874,88.3120855,80.8790021,25433
86.329961,82.2519789,82.8534945,82.6256391,25443
86.3227189,81.8565645,64.3513256,90.1683174,25453
86.3165632,69.9329389,97.2257196,52.8489578,25463
86.304976,39.5595403,96.8301585,93.0430173,25473
86.2980961,93.7345654,56.1136117,33.5513337,25483
86.2908541,90.3311776,68.2796658,66.0477528,25493
86.2828878,81.6740656,90.9683602,71.9118449,25503
86.2752837,88.0937552,75.6263476,72.3588902,25513
86.2673175,54.274603,78.2115131,96.6290646,25523
86.2593513,81.8565645,71.8988464,88.1329106,25533
86.2502987,93.1461512,44.7218583,53.8962264,25543
86.2437809,85.692301,87.276796,64.4494513,25553
86.2365389,58.327238,86.6046988,94.4674962,25563
86.2300211,58.327238,94.8671353,89.1998043,25573
86.2202443,87.2790278,82.1847107,67.1075101,25583
86.2108297,69.9329389,78.2115131,93.2632266,25593
86.2035877,82.2519789,77.3301661,85.6150313,25603
86.193811,81.6740656,88.5243938,77.8164617,25613
86.1887416,81.2529421,76.6397182,86.8916846,25623
86.1829479,90.4836222,27.0105568,86.467068,25633
86.1778785,88.5250176,71.7217105,71.9118449,25643
86.1684639,71.7981214,54.6407071,95.5606417,25653
86.1619461,75.9742329,90.9683602,82.1421471,25663
86.1561525,39.5595403,91.5532912,97.0223319,25673
86.151083,91.2375166,82.3228513,32.0835266,25683
86.1434789,91.7647357,63.906829,53.8962264,25693
86.136599,88.8972574,78.2115131,61.0035835,25703
86.1304433,64.8783703,83.9779893,93.7347395,25713
86.122115,91.7647357,54.6407071,61.9180638,25723
86.1163213,73.2570266,93.8484124,78.7146302,25733
86.1076309,54.274603,87.0958369,95.132202,25743
86.1021994,78.9394784,92.4127191,73.0439858,25753
86.0920606,78.9394784,90.3923498,78.7146302,25763
86.0873533,85.0560895,75.6263476,81.1738889,25773
86.0779386,83.9172816,76.4717576,82.416899,25783
86.0696103,84.6628477,77.7333734,80.8790021,25793
86.0591094,62.7318352,87.0958369,93.2632266,25803
86.0536779,86.6362985,87.5110232,59.045148,25813
86.04716,73.2570266,83.8383195,90.5727991,25823
86.0395559,83.3216254,83.8383195,78.7146302,25833
86.0323139,75.9742329,88.5243938,85.4641472,25843
86.025434,78.9394784,79.1563231,88.5590564,25853
86.0123983,88.0937552,89.5403131,44.6555916,25863
86.0055184,86.6362985,72.6359359,78.7146302,25873
85.9939312,78.9394784,65.5510075,92.1007559,25883
85.9863271,90.9572503,65.5510075,59.045148,25893
85.9779987,85.0560895,91.8094374,51.0075085,25903
85.9740156,90.9572503,57.6981501,66.5952176,25913
85.9642389,93.2953369,53.4045785,40.3655882,25923
85.9584453,89.9379359,69.7908012,62.6594861,25933
85.950117,90.9572503,40.1815707,78.7146302,25943
85.9407023,94.0763888,44.0153535,32.7762684,25953
85.9334603,79.5047182,45.9686915,93.9671827,25963
85.9240457,89.565696,63.906829,69.7778027,25973
85.9168037,93.8703533,30.2512527,51.6008503,25983
85.9120963,88.308119,70.801623,70.9252359,25993
85.907389,90.3311776,50.4429673,77.4828344,26003
85.8961639,80.102547,86.2805018,82.416899,26013
85.8853009,88.0937552,59.729479,81.1738889,26023
85.8766104,89.565696,44.7218583,81.4014895,26033
85.8693684,87.5911589,73.6324849,73.954643,26043
85.8639369,74.9020517,76.6397182,91.0229028,26053
85.8577812,74.9020517,93.7286226,74.1284656,26063
85.8523497,77.3954795,37.2454467,95.4102673,26073
85.8432971,88.7382951,89.6881388,35.9420319,26083
85.8360551,89.2521165,26.602252,89.1998043,26093
85.8313478,89.565696,27.5654129,87.630813,26103
85.8208469,85.692301,70.801623,80.4984784,26113
85.810346,86.1586872,77.3301661,74.7279243,26123
85.7994829,94.0409029,17.1531321,66.0477528,26133
85.7893441,94.306323,52.2770253,25.1609516,26143
85.78174,87.8185584,60.8323096,80.8790021,26153
85.7734116,74.7039824,70.3706347,92.8768408,26163
85.7647212,88.5250176,93.0188044,24.4378801,26173
85.7582034,89.565696,11.7638663,92.6125387,26183
85.749513,69.0179095,93.1673948,84.4706566,26193
85.7419089,86.9683451,44.7218583,87.630813,26203
85.7364773,84.3575965,79.8187351,79.08292,26213
85.7252522,87.5911589,55.8136275,83.1985911,26223
85.7154755,77.3954795,71.281037,90.9059166,26233
85.7085956,80.52874,60.8323096,90.8523935,26243
85.6991809,86.1586872,71.281037,79.373474,26253
85.6897663,89.9379359,51.0100572,76.035417,26263
85.6796275,92.274574,78.5721568,24.4378801,26273
85.6745581,89.4038368,64.1311163,68.5686905,26283
85.667316,86.7891051,79.9703839,68.5686905,26293
85.6593498,72.5150815,95.0335666,70.9252359,26303
85.6506594,68.1785593,94.3079464,82.416899,26313
85.6448658,92.1608743,34.9801455,70.9252359,26323
85.6394343,87.8185584,51.0100572,84.4706566,26333
85.6321922,95.0207484,27.5654129,29.2146888,26343
85.6256744,82.2519789,82.8534945,79.373474,26353
85.6180703,82.7136577,92.506512,56.4452,26363
85.6122767,86.9683451,11.7638663,94.7001942,26373
85.6043105,84.6628477,51.0100572,89.2872253,26383
85.5970684,53.1596938,87.276796,95.281557,26393
85.5887401,85.8523497,42.9482049,89.1998043,26403
85.5836707,91.6213437,41.674865,70.1687762,26413
85.5782392,86.7891051,54.3282342,85.1384209,26423
85.5720835,88.308119,44.0153535,83.9359354,26433
85.5619446,80.52874,51.0100572,92.2592863,26443
85.5536163,89.7786114,24.1378959,88.2751291,26453
85.5449259,89.7786114,76.4717576,51.6008503,26463
85.5391323,80.52874,88.3120855,76.035417,26473
85.5279071,88.8972574,46.8240416,81.9107235,26483
85.5210272,60.9593505,91.6692579,91.5838758,26493
85.5163199,78.1823251,92.506512,70.9252359,26503
85.5065432,79.5047182,79.8187351,86.0128863,26513
85.4971285,84.3575965,55.8136275,88.4112307,26523
85.4884381,75.4499106,88.3120855,84.4706566,26533
82.7922337,88.0937552,75.6263476,44.6555916,29707
82.7802843,86.1586872,55.1955632,74.7279243,29717
82.7748528,77.3954795,86.8200656,69.460997,29727
82.7625414,85.0560895,81.5261218,51.0075085,29737
82.7520404,88.308119,44.0153535,70.9252359,29747
82.7437121,90.7914081,55.1955632,41.9480877,29757
82.7364701,74.9020517,52.2770253,91.0229028,29767
82.7306765,89.9379359,51.0100572,55.0426401,29777
82.7241587,76.6857615,89.5403131,66.0477528,29787
82.7154682,72.5150815,70.801623,88.7244682,29797
82.7053294,75.4499106,60.8323096,89.2872253,29807
82.703881,82.2519789,71.281037,74.7279243,29817
82.6890349,79.5047182,88.7270169,60.4326705,29827
82.6774476,68.1785593,70.3706347,91.5838758,29837
82.6709298,68.1785593,89.3139869,82.416899,29847
82.6611531,81.6740656,52.8306071,85.4641472,29857
82.6488416,87.5911589,45.9686915,73.954643,29867
82.6408754,90.1454198,21.621291,79.08292,29877
82.6274777,86.1586872,46.4562614,79.373474,29887
82.6187873,81.0722536,50.4429673,87.1338128,29897
82.6057516,73.9707278,92.9081901,60.4326705,29907
82.5974233,88.0937552,68.2796658,51.0075085,29917
82.5843877,62.4664151,91.113892,84.4706566,29927
82.5771456,80.52874,51.0100572,87.374157,29937
82.5633858,86.9683451,27.5654129,84.9877916,29947
82.5489017,89.7786114,37.7725218,67.1075101,29957
82.5384008,46.9438671,93.6391626,90.1683174,29967
82.5307967,88.5250176,88.5243938,18.5720039,29977
82.52102,82.7136577,87.276796,48.7569899,29987
82.5166748,60.9593505,86.2805018,90.0294122,29997
82.5101569,60.9593505,93.2474245,82.416899,30007
82.4982076,78.3767734,92.7422685,45.1806277,30017
82.4898793,85.692301,83.222549,40.3655882,30027
82.4764815,77.5895657,96.2207598,20.2230639,30037
82.463808,90.6418603,78.5721568,18.5720039,30047
82.4540313,88.0937552,23.8814948,84.6791418,30057
82.4449787,93.7345654,17.935079,42.220036,30067
82.4370125,83.4961581,44.7218583,84.9877916,30077
82.4290463,84.6628477,83.5194748,46.3581358,30087
82.4189075,68.3914747,69.2955851,91.0229028,30097
82.413476,89.4038368,64.1311163,43.5660144,30107
82.406596,86.7891051,79.9703839,43.5660144,30117
82.4004403,62.4664151,88.3120855,87.374157,30127
82.3950088,54.274603,39.2105089,97.2020165,30137
82.3826974,87.2790278,62.0944351,59.8495236,30147
82.3725585,71.577964,86.8200656,79.373474,30157
82.3656786,78.3767734,78.7469989,76.7222967,30167
82.3580745,92.6142248,23.5649439,52.8489578,30177
82.3504704,80.52874,83.5194748,62.6594861,30187
82.3435904,85.8523497,42.9482049,79.5478063,30197
82.338521,85.8523497,69.2955851,59.2737681,30207
82.3291064,81.6740656,25.5045189,91.3929768,30217
82.3164329,40.2761383,54.6407071,98.2396,30227
82.3106393,76.6857615,81.5261218,77.4828344,30237
82.3019488,88.5250176,78.5721568,31.7292547,30247
82.2972415,76.884917,39.2105089,92.0204713,30257
82.2889132,77.3954795,71.281037,82.6256391,30267
82.2794986,66.4987725,90.5159626,80.4984784,30277
82.2675492,90.1454198,73.6324849,28.6157399,30287
82.255962,87.8185584,94.4804947,8.8167828,30297
82.2461853,71.7981214,87.7829715,76.7222967,30307
82.245099,78.1823251,83.222549,70.9252359,30317
82.234598,93.5531528,33.7289794,24.4378801,30327
82.2219245,71.577964,82.8534945,82.6256391,30337
82.2139583,82.7136577,78.0746469,64.4494513,30347
82.1954911,83.9172816,76.4717576,59.8495236,30357
82.1882491,83.9172816,86.2805018,43.2119973,30367
82.1799208,90.3311776,40.7315842,58.4349847,30377
82.1708682,87.5911589,84.9717347,28.6157399,30387
82.1625399,79.5047182,55.8136275,86.0128863,30397
82.1509527,71.7981214,78.7469989,84.9877916,30407
82.1426244,77.5895657,72.8143462,81.5697049,30417
82.1371928,85.0560895,59.729479,72.3588902,30427
82.1256056,62.9719082,91.5532912,81.5697049,30437
82.1176394,90.6418603,52.8306071,39.5339413,30447
82.1071385,64.637211,89.6881388,82.6256391,30457
82.1006206,57.2137772,68.2796658,94.5250972,30467
82.0944649,75.4499106,77.7333734,80.8790021,30477
82.0799809,34.5719603,97.3773684,86.8916846,30487
82.0738252,86.1586872,63.6626618,63.5026022,30497
82.0669452,77.3954795,89.6881388,57.5044475,30507
82.0568064,73.9707278,73.6324849,86.0128863,30517
82.0492023,87.8185584,69.7908012,46.3581358,30527
82.0376151,78.1823251,78.0746469,75.72116,30537
82.0263899,78.9394784,90.3923498,50.4383796,30547
82.0148027,58.327238,26.602252,97.2825561,30557
82.0068365,58.327238,69.2955851,93.5558195,30567
81.9956113,58.327238,91.9980426,83.4814989,30577
81.9905419,90.3311776,8.5695571,87.1338128,30587
81.9840241,73.2570266,83.8383195,78.7146302,30597
81.9749716,78.9394784,83.8383195,66.5952176,30607
81.9637464,86.6362985,83.8383195,33.2403901,30617
81.9554181,73.2570266,79.1563231,82.9108407,30627
81.9452793,80.102547,54.0603639,85.8051657,30637
81.9315194,80.102547,70.3706347,78.3379295,30647
81.9239153,80.102547,76.4717576,73.4828752,30657
81.915587,86.6362985,79.1563231,41.5573691,30667
81.9065345,71.7981214,44.7218583,92.6125387,30677
81.8985683,73.2570266,72.6359359,86.2221361,30687
81.8891536,83.3216254,72.6359359,66.5952176,30697
81.8743075,67.3178451,65.5510075,92.1007559,30707
81.8674276,78.9394784,65.5510075,82.9108407,30717
81.8569266,81.2529421,42.9482049,86.8916846,30727
81.851133,46.9438671,71.8988464,95.9625746,30737
81.8391837,81.2529421,82.3228513,59.2737681,30747
81.8286827,77.5895657,34.4867135,91.5046106,30757
81.8214407,86.6362985,57.6981501,66.5952176,30767
81.8145608,59.1430516,87.276796,88.7244682,30777
81.8055083,73.2570266,48.8841709,92.1007559,30787
81.7975421,83.3216254,48.8841709,82.9108407,30797
81.7823338,73.2570266,40.1815707,93.1556706,30807
81.7761781,62.9719082,72.8143462,91.5046106,30817
81.7692982,81.8565645,64.3513256,76.8976486,30827
81.7566246,90.4836222,44.0153535,48.7569899,30837
81.7443132,77.5895657,26.1674406,93.0430173,30847
81.7374333,91.2375166,82.3228513,10.8644235,30857
81.7283808,86.32634,64.3513256,61.0035835,30867
81.7182419,85.0560895,50.4429673,77.4828344,30877
81.7117241,86.1586872,55.1955632,69.460997,30887
81.7001369,81.0722536,59.729479,81.1738889,30897
81.6896359,75.4499106,69.7908012,84.4706566,30907
81.6813076,76.6857615,68.2796658,84.6791418,30917
81.6715309,65.6844072,79.8187351,88.4112307,30927
81.6617542,73.9707278,55.8136275,90.2751087,30937
81.6479943,87.5911589,64.9278458,52.6116721,30947
81.6418386,74.7039824,62.0944351,88.2751291,30957
81.6273546,74.7039824,82.1847107,78.3379295,30967
81.6150431,62.9719082,44.3161023,94.9795338,30977
81.6070769,47.2248575,96.5714635,76.7222967,30987
81.5980244,82.2519789,71.281037,69.460997,30997
81.5831782,75.9742329,78.5721568,77.8164617,31007
81.5741257,88.8972574,71.8988464,33.5513337,31017
81.5636248,55.2910206,54.3282342,95.7693817,31027
81.5549344,43.2638341,91.8094374,92.8172008,31037
81.5415366,73.9707278,45.9686915,91.8632154,31047
81.5303115,81.6740656,62.6102958,77.8164617,31057
81.5158274,62.7318352,82.9715002,88.1329106,31067
81.5060507,39.9531441,87.0958369,95.132202,31077
81.4969982,69.9329389,82.9715002,81.9107235,31087
81.4850488,75.4499106,60.8323096,87.374157,31097
81.4752721,56.2647104,89.6881388,87.7355653,31107
81.4654954,58.098028,84.9717347,90.2751087,31117
81.4539082,68.1785593,82.1847107,85.8051657,31127
81.4477524,79.5047182,88.7270169,52.6116721,31137
81.4343547,65.6844072,64.9278458,91.8632154,31147
81.4224054,69.6928659,78.5721568,85.4641472,31157
81.4155254,74.9020517,61.4567457,86.8916846,31167
81.4010414,74.9020517,82.3228513,74.1284656,31177
81.3948857,81.6740656,52.8306071,82.1421471,31187
81.3814879,69.0179095,91.113892,70.1687762,31197
81.3713491,76.6857615,86.0133961,66.0477528,31207
81.3633829,89.2521165,69.2955851,32.0835266,31217
81.3536062,86.9683451,54.6407071,61.9180638,31227
81.3456399,85.3526502,33.7289794,82.1421471,31237
81.3326043,94.306323,0.3851114,86.8916846,31247
81.3250002,94.306323,10.8611101,40.6620042,31257
81.3112403,89.7786114,18.4226489,78.3379295,31267
81.2985668,71.577964,55.1955632,90.9059166,31277
81.2924111,86.9683451,35.9099181,76.7222967,31287
81.2768407,60.9593505,93.2474245,78.3379295,31297
81.2703229,82.2519789,55.1955632,79.373474,31307
81.2554768,75.9742329,52.8306071,87.9978285,31317
81.2457,87.8185584,83.5194748,23.702065,31327
81.2337507,69.0179095,51.0100572,92.2592863,31337
81.2301297,64.637211,71.281037,90.9059166,31347
81.2163699,69.0179095,88.3120855,76.035417,31357
81.2073173,81.0722536,75.6263476,66.0477528,31367
81.1957301,91.3704077,72.8143462,15.6007075,31377
81.1874018,57.2137772,75.6263476,92.8172008,31387
81.1783493,85.692301,78.0746469,40.3655882,31397
81.1656757,62.4664151,88.3120855,84.4706566,31407
81.1537264,87.2790278,45.3544503,67.1075101,31417
81.1425012,78.3767734,87.7829715,53.8962264,31427
81.1338108,90.1454198,79.8187351,17.2359655,31437
81.1233099,76.884917,23.5649439,93.2632266,31447
81.1149816,71.7981214,95.9572223,29.2146888,31457
81.1070153,78.3767734,83.9779893,61.9180638,31467
81.098687,55.0353773,88.3120855,89.2872253,31477
81.0889103,68.3914747,89.7844803,74.1284656,31487
81.0834788,88.7382951,46.4562614,57.5044475,31497
81.0697189,78.1823251,83.222549,64.4494513,31507
81.0617527,81.0722536,32.0445312,88.9798498,31517
81.0523381,92.794189,19.6371134,43.5660144,31527
81.0458203,85.8523497,34.1174042,79.5478063,31537
81.0367677,85.8523497,76.6397182,40.6620042,31547
81.030612,88.0937552,50.4429673,58.4349847,31557
81.0186627,64.637211,89.6881388,79.373474,31567
81.008886,85.0560895,59.729479,66.0477528,31577
80.9994713,62.9719082,96.8301585,34.7420951,31587
80.9922293,81.0722536,68.2796658,72.3588902,31597
80.9773832,88.308119,63.1243724,40.3655882,31607
80.9723138,62.4664151,41.674865,95.040703,31617
80.9621749,83.9172816,62.0944351,67.1075101,31627
80.9545708,83.9172816,70.3706347,59.8495236,31637
80.9437078,83.9172816,86.2805018,35.2240579,31647
80.9292237,66.4987725,87.276796,80.4984784,31657
80.9201712,80.52874,32.8835694,89.2872253,31667
80.9089461,95.8905151,5.2523996,19.0718076,31677
80.9024282,79.5047182,55.8136275,83.1985911,31687
80.894462,80.52874,77.7333734,62.6594861,31697
80.8846853,90.1454198,64.9278458,28.6157399,31707
80.8716497,81.0722536,89.5403131,36.7430942,31717
80.865856,54.274603,46.8240416,95.9625746,31727
80.8575277,82.2519789,77.3301661,57.5044475,31737
80.8488373,89.4038368,26.1674406,68.5686905,31747
80.8426816,70.7668576,93.4541256,51.0075085,31757
80.8321806,71.7981214,78.7469989,81.4014895,31767
80.8231281,69.9329389,46.8240416,92.0204713,31777
80.8144377,85.692301,63.1243724,56.4452,31787
80.8032126,90.3311776,32.0445312,58.4349847,31797
80.7930737,79.5047182,45.9686915,86.0128863,31807
80.7814865,93.1461512,35.9099181,22.7445113,31817
80.7713477,88.0937552,40.7315842,66.0477528,31827
80.7641056,88.5250176,62.6102958,39.5339413,31837
80.7528805,70.9685479,85.5090046,76.4526423,31847
80.7452764,67.3178451,90.3923498,73.0439858,31857
80.7336892,69.0179095,94.4804947,46.3581358,31867
80.7253608,80.102547,70.3706347,73.4828752,31877
80.7173946,80.102547,76.4717576,67.1075101,31887
80.7003759,62.9719082,91.5532912,76.4526423,31897
80.6916854,60.0338202,87.5110232,86.2221361,31907
80.6851676,34.5719603,91.9980426,94.4674962,31917
80.6714078,62.7318352,56.1136117,93.2632266,31927
80.6630795,64.8783703,90.7267417,76.7222967,31937
80.6536648,78.9394784,83.8383195,59.045148,31947
80.6453365,82.2519789,29.5212996,87.7355653,31957
80.6294041,73.2570266,79.1563231,78.7146302,31967
80.6228862,56.2647104,91.9047595,82.6256391,31977
80.6116611,69.9329389,56.1136117,90.1683174,31987
68.4638949,39.9531441,56.1136117,93.2632266,42221
68.4483246,69.9329389,46.8240416,68.7595896,42231
68.439272,75.9742329,52.8306071,47.7920449,42241
68.4255122,78.1823251,15.2364956,80.4984784,42251
68.4150113,85.0560895,32.0445312,36.7430942,42261
68.4052345,71.577964,37.2454467,74.7279243,42271
68.3856811,70.9685479,54.3282342,61.2661015,42281
68.381698,79.5047182,64.9278458,28.6157399,42291
68.363955,62.9719082,72.8143462,61.2661015,42301
68.34585,81.8565645,46.8240416,33.5513337,42311
68.3393321,80.52874,32.8835694,55.0426401,42321
68.331728,82.2519789,37.2454467,41.9480877,42331
68.3125367,81.6740656,33.7289794,47.7920449,42341
68.2980526,83.9172816,45.3544503,28.2612131,42351
68.2871896,59.1430516,78.0746469,64.4494513,42361
68.2763266,40.2761383,95.9572223,45.1806277,42371
68.2578594,61.7179522,71.7217105,65.5357152,42381
68.2480827,69.9329389,56.1136117,61.0035835,42391
68.2361333,44.0774751,89.3139869,73.4828752,42401
68.235047,66.4987725,70.801623,56.4452,42411
68.2187525,63.8949038,68.2796658,66.0477528,42421
68.2042684,55.0353773,83.5194748,62.6594861,42431
68.1988369,64.637211,55.1955632,74.7279243,42441
68.1716794,50.612675,34.1174042,92.4122094,42451
68.1655236,50.612675,61.4567457,86.8916846,42461
68.1521259,36.6974935,68.2796658,92.8172008,42471
68.1412629,58.098028,45.9686915,86.0128863,42481
68.1307619,55.2910206,72.8143462,76.4526423,42491
68.1155537,54.274603,64.3513256,81.9107235,42501
68.1014317,64.637211,86.8200656,35.9420319,42511
68.0891203,78.1823251,53.4045785,40.3655882,42521
68.0670321,74.9020517,15.0374407,83.4814989,42531
68.0587038,74.9020517,61.4567457,40.6620042,42541
68.0500134,82.7136577,44.0153535,32.7762684,42551
68.0344431,56.2647104,71.281037,74.7279243,42561
68.0206832,62.9719082,34.4867135,85.1384209,42571
68.0058371,55.5390598,15.868323,93.7347395,42581
68.0004056,65.6844072,88.7270169,28.6157399,42591
67.991353,33.8995387,97.6350439,33.5513337,42601
67.9757827,85.0560895,23.8814948,44.6555916,42611
67.9605744,58.098028,36.4739495,88.4112307,42621
67.9424694,80.102547,45.3544503,43.2119973,42631
67.9265369,54.274603,71.8988464,76.8976486,42641
67.919657,62.4664151,77.7333734,55.0426401,42651
67.8968447,66.4987725,63.1243724,64.4494513,42661
67.865704,76.6857615,40.7315842,58.4349847,42671
67.8447021,72.5150815,53.4045785,56.4452,42681
67.8447021,72.5150815,53.4045785,56.4452,42691
67.8280455,70.7668576,50.4429673,66.0477528,42701
67.8070436,46.5969743,54.3282342,89.9277183,42711
67.7936459,42.5747558,79.8187351,86.0128863,42721
67.7744545,61.7179522,52.8306071,77.8164617,42731
67.7646778,62.9719082,14.3426599,91.5046106,42741
67.7487453,75.9742329,25.5045189,71.9118449,42751
67.7306403,79.5047182,36.4739495,52.6116721,42761
67.7223119,46.5969743,44.3161023,91.5046106,42771
67.7168804,47.9262473,77.7333734,80.8790021,42781
67.7052932,53.1596938,70.801623,80.4984784,42791
67.6842913,55.2910206,19.6371134,93.0430173,42801
67.6719799,69.0179095,69.7908012,46.3581358,42811
67.6524264,90.6418603,52.8306071,4.5331512,42821
67.6422876,56.2647104,89.6881388,41.9480877,42831
67.6339593,74.7039824,24.1378959,78.3379295,42841
67.6104227,74.7039824,54.0603639,51.6008503,42851
67.5981113,74.7039824,62.0944351,43.2119973,42861
67.57204,42.5747558,73.6324849,88.4112307,42871
67.5705916,66.4987725,53.4045785,70.9252359,42881
67.5474171,62.4664151,24.7824669,89.2872253,42891
67.5390888,73.9707278,55.8136275,52.6116721,42901
67.5260532,62.4664151,69.7908012,62.6594861,42911
67.5159143,72.5150815,44.0153535,64.4494513,42921
67.496723,48.6109804,77.3301661,79.373474,42931
67.4836873,33.8995387,87.0958369,88.1329106,42941
67.471738,38.4797549,78.0746469,88.7244682,42951
67.4630476,78.1823251,34.9801455,56.4452,42961
67.4319069,64.637211,77.3301661,49.5973024,42971
67.4083703,52.3710377,87.5110232,59.045148,42981
67.3913516,82.7136577,27.0105568,48.7569899,42991
67.3826612,55.0353773,69.7908012,76.035417,43001
67.3645561,75.4499106,16.9459213,80.8790021,43011
67.3421058,52.3710377,79.1563231,73.0439858,43021
67.3359501,60.0338202,79.1563231,59.045148,43031
67.3182072,68.3914747,26.602252,83.4814989,43041
67.3044473,68.3914747,69.2955851,49.8603302,43051
67.2953948,52.3710377,72.6359359,78.7146302,43061
67.2819971,60.0338202,72.6359359,66.5952176,43071
67.2693235,65.6844072,73.6324849,52.6116721,43081
67.253029,73.2570266,72.6359359,33.2403901,43091
67.2298545,52.3710377,65.5510075,82.9108407,43101
67.2052316,73.9707278,45.9686915,60.4326705,43111
67.1864024,78.9394784,65.5510075,25.8715344,43121
67.1759015,60.0338202,57.6981501,78.7146302,43131
67.1436745,57.2137772,59.729479,81.1738889,43141
67.1208621,52.3710377,48.8841709,88.5590564,43151
67.1020328,82.2519789,17.2573747,63.5026022,43161
67.0908077,78.9394784,48.8841709,41.5573691,43171
67.0712542,44.8712007,40.1815707,93.1556706,43181
67.0643743,60.0338202,40.1815707,86.2221361,43191
67.0538734,73.2570266,40.1815707,66.5952176,43201
67.0419241,70.7668576,75.6263476,36.7430942,43211
67.0270779,66.4987725,44.0153535,75.72116,43221
67.0144044,69.0179095,60.8323096,55.0426401,43231
66.9962993,28.6545049,92.7422685,87.630813,43241
66.977108,78.9394784,31.5967213,59.045148,43251
66.9611755,68.1785593,70.3706347,51.6008503,43261
66.9365527,68.1785593,86.2805018,28.2612131,43271
66.9238791,63.8949038,81.5261218,44.6555916,43281
66.9072225,72.5150815,34.9801455,70.9252359,43291
66.8862206,32.4822752,27.0105568,96.9616724,43301
66.8702882,62.4664151,16.9459213,90.8523935,43311
66.8634082,78.1823251,27.0105568,64.4494513,43321
66.8474758,86.6362985,9.331624,59.045148,43331
66.8297328,73.9707278,36.4739495,67.8430703,43341
66.815973,64.637211,71.281037,57.5044475,43351
66.7978679,76.884917,13.0909842,81.9107235,43361
66.7899017,30.5537249,82.8534945,92.1410257,43371
66.7775903,77.3954795,71.281037,23.2152597,43381
66.7696241,55.0353773,60.8323096,80.8790021,43391
66.7544158,71.7981214,54.6407071,53.8962264,43401
66.7428286,85.3526502,52.8306071,14.6360175,43411
66.7207404,58.098028,79.8187351,60.4326705,43421
66.71205,71.577964,46.4562614,63.5026022,43431
66.701187,65.6844072,55.8136275,67.8430703,43441
66.6845303,71.7981214,44.7218583,61.9180638,43451
66.6693221,73.9707278,28.3504182,73.954643,43461
66.6508549,60.9593505,54.0603639,78.3379295,43471
66.636733,60.9593505,70.3706347,67.1075101,43481
66.6280426,60.9593505,76.4717576,59.8495236,43491
66.6030576,60.9593505,89.3139869,35.2240579,43501
66.5864009,76.6857615,59.729479,36.7430942,43511
66.5661233,64.637211,22.4496246,87.7355653,43521
66.5599676,70.7668576,68.2796658,44.6555916,43531
66.5407762,82.7136577,63.1243724,17.0804936,43541
66.5208606,82.7136577,15.2364956,64.4494513,43551
66.5038419,34.5719603,93.7286226,74.1284656,43561
66.4994967,58.098028,73.6324849,67.8430703,43571
66.4759601,64.8783703,72.1040183,53.8962264,43581
66.4589414,71.7981214,21.2507073,81.4014895,43591
66.4448194,73.9707278,21.621291,79.08292,43601
66.4281628,58.327238,20.1366623,91.0229028,43611
66.421645,58.327238,52.2770253,79.5478063,43621
66.4136787,58.327238,76.6397182,59.2737681,43631
66.4006431,82.8845694,72.8143462,11.7952155,43641
66.3883317,88.5250176,25.5045189,18.5720039,43651
66.3727613,64.8783703,54.6407071,69.7778027,43661
66.357191,72.5150815,70.801623,32.7762684,43671
66.3452416,71.7981214,11.7638663,87.630813,43681
66.3343786,75.4499106,41.674865,55.0426401,43691
66.3231535,81.2529421,86.6046988,5.9316332,43701
66.3130146,51.5067025,30.2512527,91.5838758,43711
66.3007032,51.5067025,70.3706347,78.3379295,43721
66.2858571,58.098028,64.9278458,73.954643,43731
66.271373,51.5067025,89.3139869,51.6008503,43741
66.2597858,69.9329389,31.1565576,76.8976486,43751
66.2445775,53.9968714,88.5243938,47.7920449,43761
66.2261104,73.9707278,16.1259985,83.1985911,43771
66.21742,69.6928659,71.7217105,39.5339413,43781
66.2054706,69.0179095,41.674865,70.1687762,43791
66.185193,70.9685479,85.5090046,20.2230639,43801
66.1761404,64.637211,55.1955632,69.460997,43811
66.1641911,81.6740656,42.6240079,31.7292547,43821
66.1526039,46.3025861,90.9683602,57.0054084,43831
66.131602,77.5895657,64.1311163,26.6606177,43841
66.1276189,59.1430516,78.0746469,56.4452,43851
66.0968403,50.3606527,79.8187351,73.954643,43861
66.08127,75.9742329,52.8306071,39.5339413,43871
66.0675101,41.4616571,71.281037,87.7355653,43881
66.0656996,66.4987725,70.801623,48.7569899,43891
66.0475946,64.8783703,21.2507073,87.630813,43901
66.038542,62.4664151,83.5194748,38.138008,43911
66.024058,89.9379359,3.0143697,55.0426401,43921
66.0110224,55.5390598,63.906829,76.7222967,43931
65.9983488,56.2647104,71.281037,69.460997,43941
65.9820543,62.9719082,85.5090046,34.7420951,43951
65.9639492,54.274603,46.8240416,85.2977158,43961
65.9516378,78.1823251,53.4045785,32.7762684,43971
65.9407748,81.6740656,33.7289794,39.5339413,43981
65.9176003,44.0774751,91.6692579,59.8495236,43991
65.9005815,82.8845694,19.6371134,53.1593918,44001
65.884287,39.9531441,56.1136117,92.0204713,44011
65.8607504,70.9685479,54.3282342,53.1593918,44021
65.8473527,75.9742329,42.6240079,47.7920449,44031
65.8317823,39.2126475,90.9683602,71.9118449,44041
65.8205572,47.2248575,83.9779893,69.7778027,44051
65.8078837,29.5612059,94.8671353,79.5478063,44061
65.8028142,69.0179095,32.8835694,76.035417,44071
65.7836229,86.1586872,12.4321404,49.5973024,44081
65.7615347,81.8565645,46.8240416,25.5348486,44091
65.7575516,69.6928659,52.8306071,57.0054084,44101
65.7369119,55.5390598,27.5654129,89.7268793,44111
65.7322045,70.7668576,50.4429673,58.4349847,44121
65.7184447,50.612675,86.6046988,59.2737681,44131
65.7046849,40.8725187,83.5194748,80.8790021,44141
65.6880282,39.9531441,64.3513256,90.1683174,44151
65.6720958,50.3606527,64.9278458,83.1985911,44161
65.6605085,56.2647104,63.6626618,74.7279243,44171
65.6261089,80.102547,37.7725218,43.2119973,44181
65.6148838,55.2910206,72.8143462,68.5686905,44191
65.6040208,62.4664151,77.7333734,46.3581358,44201
65.5746906,40.2761383,92.7422685,61.9180638,44211
65.5696212,74.9020517,20.1366623,74.1284656,44221
65.5634655,75.9742329,33.7289794,57.0054084,44231
65.5558613,84.3575965,21.621291,44.1218899,44241
65.5489814,82.2519789,22.4496246,49.5973024,44251
65.5395668,62.9719082,44.3161023,76.4526423,44261
65.5196512,82.8845694,4.7166589,81.5697049,44271
65.5048051,81.8565645,56.1136117,19.4918365,44281
65.497201,33.8995387,71.8988464,92.0204713,44291
65.4845274,85.692301,27.0105568,27.2977974,44301
65.4714918,75.4499106,24.7824669,70.1687762,44311
65.4519383,48.6109804,77.3301661,74.7279243,44321
65.4360059,59.1430516,63.1243724,70.9252359,44331
65.4182629,69.9329389,64.3513256,42.220036,44341
65.40052,79.5047182,36.4739495,44.1218899,44351
65.3853117,66.4987725,53.4045785,64.4494513,44361
65.364672,47.9262473,77.7333734,76.035417,44371
65.3494637,72.5150815,87.276796,12.9729785,44381
65.3393249,39.2126475,84.255035,82.1421471,44391
65.325203,69.0179095,69.7908012,38.138008,44401
65.3121673,76.6857615,32.0445312,58.4349847,44411
65.2955107,83.4961581,44.7218583,22.7445113,44421
65.2889929,78.1823251,34.9801455,48.7569899,44431
65.2654563,74.7039824,45.3544503,51.6008503,44441
65.2480754,74.7039824,62.0944351,35.2240579,44451
44.499685,55.5390598,44.7218583,29.2146888,56695
44.485563,36.6974935,50.4429673,72.3588902,56705
44.4696306,48.6109804,55.1955632,35.9420319,56715
44.446094,55.5390598,35.9099181,37.3094196,56725
44.4392141,42.5747558,55.8136275,52.6116721,56735
44.4135049,50.3606527,28.3504182,60.4326705,56745
44.3939515,46.3025861,71.7217105,24.4378801,56755
44.3740359,39.9531441,17.935079,85.2977158,56765
44.3541203,31.2015237,86.0133961,44.6555916,56775
44.342171,56.2647104,29.5212996,41.9480877,56785
44.3298596,46.9438671,17.935079,76.8976486,56795
44.3070472,60.9593505,24.1378959,43.2119973,56805
44.2979947,60.9593505,30.2512527,35.2240579,56815
44.2617846,53.9968714,52.8306071,24.4378801,56825
44.2465763,40.8725187,60.8323096,46.3581358,56835
44.2194188,57.2137772,17.1531321,58.4349847,56845
44.1976927,47.2248575,54.6407071,37.3094196,56855
44.1799497,32.1607294,87.5110232,33.2403901,56865
44.1618447,46.3025861,62.6102958,31.7292547,56875
44.1455501,39.9531441,23.5649439,81.9107235,56885
44.1281693,38.4797549,78.0746469,32.7762684,56895
44.1187547,47.2248575,44.7218583,45.1806277,56905
44.0955802,61.7179522,33.7289794,24.4378801,56915
44.0640774,28.2373645,88.5243938,47.7920449,56925
44.034023,57.2137772,50.4429673,23.4341946,56935
44.0061412,50.612675,5.2523996,86.8916846,56945
43.9880362,39.2126475,71.7217105,39.5339413,56955
43.9746384,50.612675,52.2770253,32.0835266,56965
43.9507398,50.612675,76.6397182,14.3100363,56975
43.9232201,35.2541587,64.9278458,60.4326705,56985
43.9087361,31.2015237,50.4429673,81.1738889,56995
43.8895447,30.5537249,63.6626618,74.7279243,57005
43.8631113,53.1596938,63.1243724,21.4612314,57015
43.8482652,60.0338202,48.8841709,20.7356112,57025
43.8276254,32.1607294,40.1815707,82.9108407,57035
43.808072,52.3710377,40.1815707,41.5573691,57045
43.7747587,38.006851,31.5967213,78.7146302,57055
43.7588262,52.3710377,31.5967213,50.4383796,57065
43.7323928,74.9020517,7.672663,32.0835266,57075
43.7168225,44.8712007,24.4549565,73.0439858,57085
43.7019763,60.0338202,24.4549565,41.5573691,57095
43.6737325,44.8712007,18.2845084,78.7146302,57105
43.6552653,46.3025861,52.8306071,39.5339413,57115
43.6393329,47.2248575,21.2507073,69.7778027,57125
43.625573,60.0338202,13.2008339,59.045148,57135
43.6020365,51.5067025,45.3544503,35.2240579,57145
43.5593085,61.7179522,25.5045189,31.7292547,57155
43.5491697,28.2373645,84.255035,57.0054084,57165
43.5267194,47.2248575,15.868323,76.7222967,57175
43.5136838,35.2541587,55.8136275,67.8430703,57185
43.4753011,33.8995387,39.2105089,81.9107235,57195
43.4561097,57.2137772,12.3747942,66.0477528,57205
43.4441604,47.2248575,11.7638663,81.4014895,57215
43.4278658,33.0482391,71.7217105,57.0054084,57225
43.4072261,47.2248575,8.352916,84.9877916,57235
43.3851379,46.9438671,39.2105089,52.8489578,57245
43.3778959,55.0353773,41.674865,30.4724815,57255
43.3525488,29.1954839,46.8240416,85.2977158,57265
43.3377027,41.4616571,55.1955632,49.5973024,57275
43.3123556,49.4988521,50.4429673,36.7430942,57285
43.288819,30.8723739,51.0100572,80.8790021,57295
43.2808528,65.6844072,28.3504182,21.9666424,57305
43.259851,44.0774751,30.2512527,67.1075101,57315
43.2178472,30.8723739,88.3120855,38.138008,57325
43.1946728,44.0774751,70.3706347,28.2612131,57335
43.1635321,39.9531441,46.8240416,61.0035835,57345
43.1548417,36.6974935,68.2796658,51.0075085,57355
43.1269599,31.2015237,75.6263476,58.4349847,57365
43.1092169,16.5664854,64.3513256,95.132202,57375
43.1045096,48.6109804,29.5212996,57.5044475,57385
43.0921982,36.1847584,71.281037,49.5973024,57395
43.0693858,45.5168268,53.4045785,40.3655882,57405
43.0469355,55.2910206,54.3282342,20.2230639,57415
43.0349862,33.8995387,56.1136117,68.7595896,57425
43.0237611,53.1596938,44.0153535,32.7762684,57435
43.0027592,62.7318352,46.8240416,13.767669,57445
42.9944309,50.3606527,5.3227443,86.0128863,57455
42.9835679,53.9968714,18.9525276,57.0054084,57465
42.9694459,55.2910206,44.3161023,26.6606177,57475
42.9564103,46.5969743,64.1311163,26.6606177,57485
42.9263559,39.5595403,79.9703839,26.6606177,57495
42.9205623,55.0353773,32.8835694,38.138008,57505
42.9046298,80.102547,37.7725218,3.7522238,57515
42.8937668,68.3914747,42.9482049,10.8644235,57525
42.8854385,46.3025861,25.5045189,65.5357152,57535
42.8734891,57.2137772,32.0445312,36.7430942,57545
42.8564704,72.5150815,20.4391952,17.0804936,57555
42.8267781,37.358328,62.0944351,51.6008503,57565
42.7963616,35.2541587,28.3504182,83.1985911,57575
42.7822397,34.2504146,27.5654129,84.9877916,57585
42.765583,62.7318352,56.1136117,10.3154294,57595
42.751099,65.6844072,16.1259985,35.6756908,57605
42.7304592,46.5969743,44.3161023,43.5660144,57615
42.7159752,39.9531441,64.3513256,42.220036,57625
42.6877313,53.9968714,13.6873844,65.5357152,57635
42.6768683,36.6974935,59.729479,58.4349847,57645
42.6634705,46.9438671,64.3513256,25.5348486,57655
42.6576769,53.1596938,34.9801455,40.3655882,57665
42.6337782,49.4988521,75.6263476,14.8236032,57675
42.6207426,39.5595403,54.3282342,53.1593918,57685
42.5986544,50.3606527,55.8136275,28.6157399,57695
42.5794631,58.098028,28.3504182,35.6756908,57705
42.5696863,46.5969743,26.1674406,61.2661015,57715
42.5533918,41.4616571,37.2454467,63.5026022,57725
42.5360109,28.6545049,44.7218583,84.9877916,57735
42.518268,35.7165618,77.7333734,38.138008,57745
42.5113881,55.0353773,24.7824669,46.3581358,57755
42.4849547,31.6762382,70.3706347,59.8495236,57765
42.4599697,64.8783703,54.6407071,9.4475907,57775
42.4505551,29.1954839,78.2115131,61.0035835,57785
42.4259322,23.7411557,85.5090046,68.5686905,57795
42.4027578,39.5595403,26.1674406,76.4526423,57805
42.3846527,64.8783703,44.7218583,12.7051081,57815
42.3683582,47.9262473,24.7824669,62.6594861,57825
42.3506152,27.845209,64.1311163,76.4526423,57835
42.3335965,47.9262473,69.7908012,18.3500104,57845
42.3230955,43.2638341,40.7315842,58.4349847,57855
42.3078873,20.9613059,88.9936129,76.4526423,57865
42.299559,34.5719603,42.9482049,74.1284656,57875
42.2886959,24.6377179,63.906829,84.9877916,57885
42.2742119,64.8783703,27.5654129,22.7445113,57895
42.2488648,30.5537249,71.281037,63.5026022,57905
42.2162757,33.8995387,82.9715002,33.5513337,57915
42.1999812,58.327238,10.8611101,59.2737681,57925
42.1934634,64.8783703,21.2507073,29.2146888,57935
42.1804277,23.7411557,64.1311163,85.1384209,57945
42.1677542,38.4797549,34.9801455,70.9252359,57955
42.1514596,27.0297575,76.4717576,67.1075101,57965
42.1282852,55.0353773,16.9459213,55.0426401,57975
42.11706,81.2529421,10.8611101,10.8644235,57985
42.1090938,36.1847584,46.4562614,69.460997,57995
42.084833,27.845209,26.1674406,89.9277183,58005
42.0678143,64.637211,12.4321404,41.9480877,58015
42.0634691,50.3606527,28.3504182,52.6116721,58025
42.0460882,57.2137772,17.1531321,51.0075085,58035
42.0149475,47.9262473,60.8323096,23.702065,58045
42.0015498,46.3025861,71.7217105,18.5720039,58055
41.9935836,43.2638341,32.0445312,66.0477528,58065
41.9671502,57.2137772,50.4429673,17.8723806,58075
41.9570114,60.9593505,24.1378959,35.2240579,58085
41.9331127,35.2541587,73.6324849,44.1218899,58095
41.9160939,56.2647104,22.4496246,41.9480877,58105
41.8990752,31.2015237,50.4429673,77.4828344,58115
41.8784354,17.9272611,64.1311163,93.0430173,58125
41.8639514,55.5390598,21.2507073,45.1806277,58135
41.8425874,54.274603,13.0909842,61.0035835,58145
41.8219477,36.1847584,37.2454467,74.7279243,58155
41.8005837,62.7318352,13.0909842,42.220036,58165
41.7824787,17.1675731,86.6046988,86.8916846,58175
41.7679946,55.0353773,51.0100572,18.3500104,58185
41.7386644,32.1607294,79.1563231,41.5573691,58195
41.7158521,32.1607294,72.6359359,50.4383796,58205
41.6923155,27.365063,65.5510075,73.0439858,58215
41.6564675,44.8712007,65.5510075,25.8715344,58225
41.6372761,29.5612059,52.2770253,79.5478063,58235
41.6177227,38.006851,57.6981501,50.4383796,58245
41.5930998,29.5612059,95.7133099,10.8644235,58255
41.5695632,38.006851,48.8841709,59.045148,58265
41.5442162,30.5537249,55.1955632,74.7279243,58275
41.5195933,67.3178451,48.8841709,9.0278167,58285
41.5036608,44.8712007,40.1815707,50.4383796,58295
41.4855558,60.0338202,40.1815707,20.7356112,58305
41.4631055,44.8712007,31.5967213,59.045148,58315
41.4283438,62.7318352,17.935079,33.5513337,58325
41.4171187,51.5067025,45.3544503,28.2612131,58335
41.3935821,51.5067025,70.3706347,12.8720492,58345
41.3790981,50.612675,34.1174042,40.6620042,58355
41.3675108,41.4616571,55.1955632,41.9480877,58365
41.3389049,17.9272611,26.1674406,96.3940727,58375
41.3222482,39.9531441,23.5649439,76.8976486,58385
41.2932801,69.9329389,17.935079,19.4918365,58395
41.2592426,62.4664151,8.412556,55.0426401,58405
41.2418618,46.9438671,23.5649439,61.0035835,58415
41.2346198,28.2373645,84.255035,47.7920449,58425
41.217601,49.4988521,50.4429673,30.1161706,58435
41.1940644,39.2126475,62.6102958,39.5339413,58445
41.1835635,54.274603,23.5649439,42.220036,58455
41.1701658,58.098028,3.4647283,79.08292,58465
41.1477155,48.6109804,29.5212996,49.5973024,58475
41.1256273,69.6928659,13.6873844,24.4378801,58485
41.1049876,40.2761383,54.6407071,45.1806277,58495
41.0948488,47.2248575,11.7638663,76.7222967,58505
41.0865204,46.3025861,42.6240079,39.5339413,58515
41.0618976,35.2541587,45.9686915,67.8430703,58525
41.0372747,46.5969743,93.351922,2.991941,58535
41.0260495,44.0774751,30.2512527,59.8495236,58545
41.0050477,44.0774751,45.3544503,43.2119973,58555
40.9858563,44.0774751,54.0603639,35.2240579,58565
40.9717344,54.274603,31.1565576,33.5513337,58575
40.9442147,86.9683451,1.3561733,17.0177952,58585
40.9300928,33.8995387,39.2105089,76.8976486,58595
40.9195918,53.9968714,25.5045189,39.5339413,58605
40.9000384,39.9531441,39.2105089,61.0035835,58615
40.8924343,59.1430516,34.9801455,21.4612314,58625
40.8768639,40.8725187,41.674865,55.0426401,58635
40.8569484,46.9438671,39.2105089,42.220036,58645
40.8319634,70.9685479,34.4867135,8.685014,58655
40.8149446,48.6109804,22.4496246,57.5044475,58665
40.7950291,49.4988521,40.7315842,36.7430942,58675
40.7794587,32.4822752,63.1243724,56.4452,58685
40.7638884,35.7165618,41.674865,70.1687762,58695
40.7472317,40.2761383,15.868323,81.4014895,58705
40.7204363,62.7318352,39.2105089,13.767669,58715
40.6918303,53.9968714,18.9525276,47.7920449,58725
40.6697421,31.2015237,68.2796658,58.4349847,58735
40.654896,30.2470253,55.8136275,73.954643,58745
40.6436708,37.358328,37.7725218,67.1075101,58755
40.6099954,41.7745124,5.2523996,89.1998043,58765
40.5813895,50.3606527,64.9278458,17.2359655,58775
40.5734232,34.2504146,44.7218583,69.7778027,58785
40.5661812,41.7745124,69.2955851,25.1609516,58795
40.5535077,55.2910206,54.3282342,15.6007075,58805
40.5249017,21.6913016,84.255035,77.8164617,58815
40.4970199,41.4616571,77.3301661,17.7375533,58825
40.479277,68.3914747,7.672663,40.6620042,58835
40.4734833,68.3914747,42.9482049,8.1862298,58845
40.4713107,39.2126475,33.7289794,65.5357152,58855
20.6455538,24.1398289,10.8611101,19.0718076,73060
20.6372254,24.1398289,20.1366623,10.8644235,73070
20.6278108,17.9272611,54.3282342,11.7952155,73080
20.6205688,25.7200379,4.2199136,33.5513337,73090
20.607171,39.5595403,0.5533268,20.2230639,73100
20.5966701,28.6545049,21.2507073,4.7977082,73110
20.5803756,19.4444646,6.3926964,61.0035835,73120
20.5680641,20.9613059,19.6371134,20.2230639,73130
20.5590116,17.9272611,34.4867135,20.2230639,73140
20.549597,27.845209,2.7911019,26.6606177,73150
20.5416308,23.7411557,7.0372674,26.6606177,73160
20.531854,20.9613059,14.3426599,26.6606177,73170
20.531854,20.9613059,14.3426599,26.6606177,73180
20.5151974,17.9272611,26.1674406,26.6606177,73190
20.5007133,23.7411557,4.7166589,34.7420951,73200
20.4931092,28.6545049,8.352916,12.7051081,73210
20.481522,19.4444646,9.2740229,52.8489578,73220
20.4789873,17.9272611,19.6371134,34.7420951,73230
20.4634169,22.3687927,9.2740229,33.5513337,73240
20.4550886,20.9613059,7.0372674,43.5660144,73250
20.4467603,13.6848852,13.0909842,76.8976486,73260
20.4413288,25.7200379,9.2740229,19.4918365,73270
20.427931,7.6091916,54.6407071,69.7778027,73280
20.4105502,4.4031488,82.3228513,67.3040163,73290
20.4018598,7.6091916,44.7218583,76.7222967,73300
20.3935314,20.9613059,2.7911019,61.2661015,73310
20.3830305,11.5097441,7.672663,86.8916846,73320
20.3786853,11.5097441,42.9482049,49.8603302,73330
20.3699949,24.6377179,11.7638663,17.0177952,73340
20.3547866,17.9272611,4.7166589,68.5686905,73350
20.3421131,19.5480255,11.1394302,44.1218899,73360
20.3330606,20.2827285,10.8611101,32.0835266,73370
20.327629,24.6377179,8.352916,22.7445113,73380
20.3164039,20.2827285,26.602252,14.3100363,73390
20.3077135,12.2321357,19.6371134,68.5686905,73400
20.2993852,21.542116,35.9099181,9.4475907,73410
20.28816,22.3687927,17.935079,19.4918365,73420
20.2787454,34.5719603,1.243265,19.0718076,73430
20.270055,34.5719603,20.1366623,1.8243729,73440
20.2588298,24.6377179,3.8001397,37.3094196,73450
20.2494152,12.2321357,10.165055,81.5697049,73460
20.2443458,21.542116,21.2507073,17.0177952,73470
20.2251544,33.8995387,17.935079,2.5188987,73480
20.2229818,21.542116,15.868323,22.7445113,73490
20.2041526,15.8096942,18.9525276,47.7920449,73500
20.1925653,25.7200379,23.5649439,7.4284957,73510
20.1802539,21.542116,8.352916,37.3094196,73520
20.1708393,19.4444646,31.1565576,19.4918365,73530
20.1643215,18.6011312,35.9099181,17.0177952,73540
20.1559931,21.542116,5.772848,45.1806277,73550
20.144768,18.6011312,27.5654129,22.7445113,73560
20.1313703,25.7200379,31.1565576,5.3240186,73570
20.1212314,18.6011312,21.2507073,29.2146888,73580
20.1132652,8.8309205,15.0374407,86.8916846,73590
20.1049369,8.8309205,76.6397182,32.0835266,73600
